model,mae,rmse,wape,bias,days,cv_mean_mae,mae_improvement_over_lag_7
xgboost_tuned,14692.65230129076,23426.39386322501,0.12182922577931195,3763.6239358653193,92,14058.179381355409,0.20480975853003902
xgboost_tuned_full_ablation,14692.65230129076,23426.39386322501,0.12182922577931195,3763.6239358653193,92,14058.179381355409,0.20480975853003902
random_forest_tuned,15007.238525376055,23229.036474914737,0.12443772663642279,2332.1394215250143,92,14092.090793746253,0.18778384037967677
seasonal_average_tuned,16188.70237813218,23247.761941006574,0.1342342442096915,1360.3813633050888,92,14545.443800956287,0.12384109491100193
xgboost_tuned_compact_ablation,16851.8512360946,24417.05758241371,0.1397329731175347,-389.9487968113111,92,15397.920286148315,0.08795040004664856
mean_7,17716.462732919255,24812.687528596092,0.14690219941500762,1366.4409937888192,92,14074.72335600907,0.041156219469918986
ridge_reference,17850.33448668906,23119.476403458822,0.1480122435228411,-6392.47560892943,92,11604.782035820805,0.03391086240141583
ridge_tuned,17850.33448668906,23119.476403458822,0.1480122435228411,-6392.47560892943,92,11604.782035820805,0.03391086240141583
lag_1,17914.978260869564,27065.59206896236,0.14854825981168854,114.19565217391305,92,13420.793650793652,0.030412236193837816
lag_7,18476.902173913044,28229.77925898234,0.15320764695766723,2869.0978260869565,92,17771.539682539682,0.0
automl,22331.21272695248,26534.980361911825,0.18516700058291938,-11451.169448254179,92,13506.274234212404,-0.20860155651423073
training_mean,37173.44998579141,40428.70897153793,0.3082365619526083,-31344.86842853082,92,34955.9675229342,-1.0118875792001236
