group,value,mae,rmse,wape,bias,days
weekday,Friday,14889.735088641826,25105.58424198287,0.12352092666422715,6757.263916015626,13
weekday,Monday,14613.045062725361,21504.58887557452,0.13612017309765226,4846.232337364785,13
weekday,Saturday,18122.566981724325,31963.931043778994,0.15287002691123164,-2522.8704485212024,14
weekday,Sunday,20298.049109825723,28004.707133700893,0.19790246605202835,14474.140230618992,13
weekday,Thursday,13635.927274263822,20488.408755273522,0.10500918457057282,7794.037212665264,13
weekday,Tuesday,16010.796912560096,20668.631436133004,0.125711776542951,-183.00702373798188,13
weekday,Wednesday,5014.606088491587,7715.788094637164,0.036303061319036295,-4336.852182241587,13
month,7,12236.512218844506,15634.783155525136,0.10366037636626713,505.1525130733367,31
month,8,10253.785857169858,15224.122435196321,0.08018437023007019,-495.7595844884054,31
month,9,21817.49237874349,34509.1266732482,0.18853377013585573,11532.074043782552,30
