date,actual,predicted,error,absolute_error,weekday,month
2023-09-23,36069,142278.484375,106209.484375,106209.484375,Saturday,9
2023-09-29,49184,129203.8984375,80019.8984375,80019.8984375,Friday,9
2023-09-24,34864,105714.63671875,70850.63671875,70850.63671875,Sunday,9
2023-09-18,59963,121170.908203125,61207.908203125,61207.908203125,Monday,9
2023-09-26,84023,134273.12890625,50250.12890625,50250.12890625,Tuesday,9
2023-08-10,90453,138083.34326171875,47630.34326171875,47630.34326171875,Thursday,8
2023-09-28,107534,148344.29833984375,40810.29833984375,40810.29833984375,Thursday,9
2023-07-16,65329,103116.6748046875,37787.6748046875,37787.6748046875,Sunday,7
2023-09-30,103003,65629.9609375,-37373.0390625,37373.0390625,Saturday,9
2023-07-09,88395,124734.5546875,36339.5546875,36339.5546875,Sunday,7
