mean_fit_time,std_fit_time,mean_score_time,std_score_time,param_model__max_depth,param_model__max_features,param_model__min_samples_leaf,param_seasonal_residual,split0_test_score,split1_test_score,split2_test_score,mean_test_score,std_test_score,rank_test_score,split0_train_score,split1_train_score,split2_train_score,mean_train_score,std_train_score
0.11532044410705566,0.005989501349095562,0.005376974741617839,0.0005233509328890169,3,0.7,2,False,-20149.665708993154,-13202.952322671852,-11666.022390202068,-15006.213473955691,3690.6967792829487,29,-7254.585075257193,-8243.837788735636,-8497.02733353245,-7998.483399175093,536.0751027262875
0.09433333079020183,0.015399449157601755,0.006792704264322917,0.0012357391941995887,3,0.7,2,True,-19857.029354018352,-10172.507049929185,-12246.735977291215,-14092.090793746253,4163.451602021291,1,-8155.12716447599,-9480.687039958017,-9581.01399128803,-9072.276065240678,649.8143088201948
0.08398373921712239,0.004135770641042849,0.006842454274495442,0.0018845826441632148,3,0.7,5,False,-18778.499097239262,-12600.927608544016,-11481.968302368847,-14287.131669384042,3208.561828526723,3,-7789.361326398517,-8529.915345644802,-8707.397434934444,-8342.22470232592,397.59142121532983
0.0790709654490153,0.006578296972377907,0.005170901616414388,0.00047277966725636783,3,0.7,5,True,-20201.002582272988,-11009.310588708257,-11664.881723654888,-14291.731631545377,4187.047946153209,4,-8769.565577700143,-10227.245508499223,-10167.136024008021,-9721.315703402463,673.4362201239428
0.07438286145528157,0.00908569105798093,0.005983829498291016,0.0007280971610722983,3,0.7,10,False,-20615.17047237035,-12258.781845917381,-11088.175895050445,-14654.042737779391,4242.15845013938,13,-8836.39028343379,-9038.938175189654,-9185.574397170612,-9020.300951931351,143.161670591043
0.08074227968851726,0.003611950565434939,0.0054175059000651045,0.0005522505261235262,3,0.7,10,True,-21177.660205297605,-11227.689163692368,-11218.916568193363,-14541.421979061111,4692.530418024643,10,-9663.338242237587,-11138.577156142175,-10949.473570433945,-10583.796322937902,655.4247224900857
0.0813604195912679,0.005831787846159997,0.005145708719889323,0.0004532982554924357,3,1.0,2,False,-19137.4698594391,-13606.58347753169,-11998.408477420653,-14914.153938130481,3057.6521206234574,27,-7101.340234118096,-7955.79189504653,-8392.427912125664,-7816.520013763431,536.2053964435914
0.08452272415161133,0.008843680180491996,0.006862243016560872,0.0016488258123966552,3,1.0,2,True,-19451.942164153435,-11292.49264627554,-13232.139318498128,-14658.8580429757,3480.497938301419,14,-8056.246207964931,-9352.702732166874,-9448.299524088003,-8952.416154739936,634.8885029585583
0.09031883875528972,0.013130578787039842,0.005669355392456055,0.0006242171772513238,3,1.0,5,False,-18301.760155500644,-13126.165251128787,-11519.482439833644,-14315.802615487692,2893.8153070663643,5,-7588.370016880218,-8305.05729695212,-8623.374624453605,-8172.267312761981,432.8460229307479
0.0874326229095459,0.001437684473363699,0.0051882266998291016,0.0002277233188898361,3,1.0,5,True,-19728.972573985367,-10826.462307398055,-12189.02902744935,-14248.154636277592,3915.2412413006628,2,-8718.68417830718,-10230.916140587098,-10181.589580631928,-9710.396633175402,701.5356832144842
0.08601848284403484,0.012195993813346184,0.004588683446248372,0.0006563123008402021,3,1.0,10,False,-20591.699131565605,-12437.227689619716,-11268.074682135464,-14765.667167773594,4147.185071111247,20,-8735.00735215888,-8910.446654669142,-9106.062834052087,-8917.172280293371,151.557399887035
0.07618514696756999,0.0039686555605283206,0.005211671193440755,0.00027110595628288567,3,1.0,10,True,-20267.92684897919,-11610.88202511644,-12129.454225809925,-14669.421033301851,3964.398214774659,17,-9614.065392927927,-11512.118905362428,-11240.399969967792,-10788.861422752716,838.0799797680658
0.08844081560770671,0.008483751053521333,0.005298296610514323,0.000710662353366984,6,0.7,2,False,-20167.493078703723,-13439.827375516268,-12352.195072641167,-15319.838508953719,3456.4482856710893,33,-4872.069976774545,-5479.953637841971,-5735.353940367616,-5362.45918499471,362.09438022579013
0.09221744537353516,0.010786832059003151,0.005775769551595052,0.0005475600329235648,6,0.7,2,True,-19814.53512637447,-11134.525526613033,-14015.909491943401,-14988.323381643635,3609.693730558419,28,-5604.810292553297,-6718.8800000438105,-7200.023081862876,-6507.904458153328,668.1112533359492
0.08076993624369304,0.0023208290559356814,0.005170901616414388,0.00023815978097435118,6,0.7,5,False,-18705.273558528446,-12741.25675833519,-11544.15964239035,-14330.229986417995,3131.987129565892,6,-7017.8851019396525,-7449.469874450603,-7599.368888620016,-7355.574621670091,246.4996111072942
0.08953102429707845,0.008840258864621395,0.005671183268229167,0.0006260217649552446,6,0.7,5,True,-20215.40202685965,-11506.423228933842,-12729.87505380838,-14817.233436533958,3849.621339745107,26,-7783.92013835119,-8937.521300918741,-8925.483269979488,-8548.974903083139,540.9977346388293
0.07127149899800618,0.0020132868222089563,0.006839354832967122,0.0018818852463773155,6,0.7,10,False,-20615.85383499766,-12296.68342569178,-11075.212368314953,-14662.583209668132,4239.030647039555,15,-8802.361373913338,-8916.270912159882,-9068.18930558529,-8928.940530552836,108.89294968580967
0.08039013544718425,0.006937211293709362,0.005555629730224609,0.000345287232651051,6,0.7,10,True,-21101.359194188954,-11327.285271968114,-11515.592342675027,-14648.078936277365,4563.805754965414,11,-9606.07278392856,-10974.207810402386,-10624.2104637296,-10401.497019353514,580.3156160777394
0.10099911689758301,0.006669184494040131,0.005672772725423177,0.0009512412771217284,6,1.0,2,False,-19576.966158341682,-14053.200897428625,-12169.75595010335,-15266.641001957885,3143.3547294483033,32,-4740.742166492381,-5202.712132816582,-5568.571154889831,-5170.675151399598,338.7181568221779
0.10553971926371257,0.008246954664096678,0.0063402652740478516,0.0010305429734587803,6,1.0,2,True,-20154.56909966575,-12669.808606008484,-14789.22837002503,-15871.20202523309,3149.9640373371835,35,-5595.251841121052,-6683.15011026153,-7073.888449549814,-6450.763466977466,625.6166125932901
0.09788870811462402,0.009028226295303815,0.006005128224690755,0.0007104849744211757,6,1.0,5,False,-18212.997715601876,-13279.171837950062,-11640.227035170765,-14377.465529574234,2793.4465425563217,9,-6878.957946355267,-7243.504776272286,-7503.551387599329,-7208.671370075627,256.17606751571066
0.09374388058980306,0.012541078092689374,0.0077517032623291016,0.0028210292663057965,6,1.0,5,True,-19811.742740783488,-11627.978889170907,-12908.991490713437,-14782.904373555944,3594.1767545204316,21,-7602.592730680414,-8888.495495237403,-8833.028637907479,-8441.372287941766,593.5388234003319
0.0805044174194336,0.0021053601552746826,0.005355437596638997,0.0012021415198766045,6,1.0,10,False,-20589.832437029097,-12440.963415599184,-11263.556433072186,-14764.78409523349,4146.883403136839,18,-8707.370815365943,-8803.209203756662,-8974.888722470969,-8828.489580531192,110.66701026912511
0.08799393971761067,0.002355993129722732,0.005844513575236003,0.0004702464780789008,6,1.0,10,True,-20258.066022998933,-11648.831385642456,-12508.575397241528,-14805.157601960971,3871.7306748223205,22,-9533.059897939434,-11298.675005884133,-10838.964800413927,-10556.899901412498,747.8946595999365
0.09549864133199056,0.015279647057200101,0.005765994389851888,0.0005526004818481456,,0.7,2,False,-20391.341768518534,-13572.90082010583,-12535.778507180656,-15500.007031935007,3484.5154901816027,34,-4622.371514211558,-5086.8735626844355,-5273.777094291124,-4994.3407237290385,273.8662108324159
0.0939621130625407,0.008251995296568362,0.005547126134236653,0.0004353957736574381,,0.7,2,True,-19862.158944066516,-11428.592304327287,-14024.545667328042,-15105.098971907282,3526.7509268218764,30,-4980.024724184302,-5730.072297422422,-5750.419651866336,-5486.838891157687,358.4679935428089
0.07826781272888184,0.005541419690080849,0.004963000615437825,0.00012564460560602855,,0.7,5,False,-18714.642543617432,-12719.978810856743,-11562.624336514384,-14332.41523032952,3134.517986742142,7,-7016.402087913477,-7456.7218131020445,-7578.261966493217,-7350.4619558362465,241.3710818622383
0.08536720275878906,0.005050703331500078,0.006020863850911458,0.0007245324826427588,,0.7,5,True,-20182.087288533752,-11563.423035821888,-12673.842471030053,-14806.450931795232,3828.085466691216,25,-7766.115866020986,-8826.812517899014,-8748.683143077971,-8447.203842332658,482.65700271844355
0.07829682032267253,0.008375607592650818,0.005337635676066081,0.0004711292826065423,,0.7,10,False,-20615.85383499766,-12296.68342569178,-11075.212368314953,-14662.583209668132,4239.030647039555,15,-8802.361373913338,-8916.270912159882,-9068.18930558529,-8928.940530552836,108.89294968580967
0.07593671480814616,0.004570570980955003,0.005320628484090169,0.0005818938856964158,,0.7,10,True,-21101.359194188954,-11327.285271968114,-11515.592342675027,-14648.078936277365,4563.805754965414,11,-9606.07278392856,-10974.207810402386,-10624.2104637296,-10401.497019353514,580.3156160777394
0.10206866264343262,0.011979852473569913,0.005503098169962565,0.0012222296378617157,,1.0,2,False,-19574.02559429329,-14051.74338407029,-12125.150901360554,-15250.306626574711,3156.881259773689,31,-4525.970178174604,-4851.116543585789,-5116.607419793174,-4831.2313805178555,241.53626722761788
0.1175079345703125,0.01431050525005885,0.006625572840372722,0.0017011275536504996,,1.0,2,True,-20237.674980442174,-12843.448738756611,-14996.46844378307,-16025.864054327287,3105.198535849587,36,-5011.152107760142,-5697.656669061921,-5688.104548265392,-5465.637775029151,321.39355632168025
0.08757789929707845,0.006354240200445192,0.0057599544525146484,0.0006283863786308574,,1.0,5,False,-18212.997715601876,-13271.012426385434,-11644.106305484449,-14376.03881582392,2793.2533099709162,8,-6878.957946355267,-7234.9142355787,-7486.86977079746,-7200.247317577142,249.38663821056892
0.09007859230041504,0.006306956079530117,0.005003770192464192,4.185738271797083e-06,,1.0,5,True,-19818.68058808119,-11659.793375584004,-12940.457402001875,-14806.310455222358,3582.6355148802286,24,-7589.053768603778,-8768.955955934473,-8699.923569746274,-8352.644431428174,540.6751291056768
0.08009592692057292,0.009638562648634719,0.005049546559651692,0.0014968258959951479,,1.0,10,False,-20589.832437029097,-12440.963415599184,-11263.556433072186,-14764.78409523349,4146.883403136839,18,-8707.370815365943,-8803.209203756662,-8974.888722470969,-8828.489580531192,110.66701026912511
0.08425458272298177,0.0031790384804823903,0.005385080973307292,0.00017156601982924797,,1.0,10,True,-20258.066022998933,-11648.831385642456,-12508.575397241528,-14805.157601960971,3871.7306748223205,22,-9533.059897939434,-11298.675005884133,-10838.964800413927,-10556.899901412498,747.8946595999365
