mean_fit_time,std_fit_time,mean_score_time,std_score_time,param_feature_set,param_model__ridge__alpha,param_seasonal_residual,split0_test_score,split1_test_score,split2_test_score,mean_test_score,std_test_score,rank_test_score,split0_train_score,split1_train_score,split2_train_score,mean_train_score,std_train_score
0.041839917500813804,0.006592840564485801,0.0006667772928873698,0.00047148274534186793,compact,0.01,False,-17345.46604757329,-16032.880607675683,-11447.137258806699,-14941.827971351891,2528.552618465092,15,-9214.222653337645,-9767.677648583674,-10083.033163200444,-9688.311155040588,359.1027761286988
0.013289133707682291,0.015965956775838695,0.0013541380564371746,0.0002508744574181912,compact,0.01,True,-17343.26619489937,-16034.6465620029,-11444.904589292992,-14940.93911539842,2529.1387719526756,14,-9213.503447455414,-9767.058573635572,-10082.470067516784,-9687.677362869255,359.1673511166858
0.0020003318786621094,1.9466795466607238e-07,0.0011688073476155598,0.00023782069687013953,compact,0.1,False,-16983.25854026096,-15744.42348478148,-11462.176538498219,-14729.952854513553,2365.368133759066,13,-9222.119511211895,-9760.435033089476,-10074.089181339534,-9685.547908546969,351.8230054739014
0.00233610471089681,0.00046861701235230776,0.0010005633036295574,5.619579801452537e-07,compact,0.1,True,-16979.698461360433,-15761.268781404382,-11439.579814330591,-14726.849019031803,2377.077595056887,12,-9214.643387731941,-9755.729109164427,-10068.48325277759,-9679.618583224654,352.70879197473465
0.0018364588419596355,0.00023124736806791612,0.0010001659393310547,0.0,compact,1.0,False,-14855.713322205082,-14095.693817944837,-11548.412143423015,-13499.939761190975,1414.3909039812445,8,-9292.5042520542,-9750.657149324355,-10015.554575151824,-9686.23865884346,298.67791891352664
0.0025046666463216147,0.00040579889647305786,0.0010002454121907551,2.247831920581015e-07,compact,1.0,True,-14835.054406359759,-14150.28351048484,-11341.618876411914,-13442.318931085503,1511.4966831452314,7,-9228.710500664625,-9719.635468760454,-9980.42571728117,-9642.923895568749,311.6434296001062
0.0025061766306559243,0.0007114998521407414,0.000667730967203776,0.0004721590612986912,compact,10.0,False,-12373.91656480853,-11322.916281429647,-11117.513261224238,-11604.782035820805,550.2869208805251,1,-9465.04541203426,-9861.545803257823,-9995.00456197269,-9773.865259088258,225.063077854882
0.002241373062133789,0.0003879811453120792,0.0004421075185139974,0.00042008768787948393,compact,10.0,True,-14718.172260329477,-11073.417881251158,-10428.058298357166,-12073.216146645935,1888.732710980609,2,-9657.50814252714,-10141.259090238922,-10249.041779636169,-10015.93633746741,257.23835280342774
0.002170006434122721,0.0002364263213358122,0.0013352235158284504,0.00047014085734496,compact,100.0,False,-18776.622582377284,-10252.566003985288,-10442.389404932026,-13157.192663764867,3974.2926153412523,5,-10291.777055798853,-11189.298627919885,-11239.321244722581,-10906.798976147105,435.36539246138767
0.0030101935068766275,0.0007140255079167097,0.0010042985280354817,4.354358524259797e-06,compact,100.0,True,-23007.15664862877,-12564.349024750016,-10516.968161034561,-15362.824611471116,5469.6009190807345,16,-13048.964746089287,-14081.400864694333,-13896.291206712682,-13675.552272498768,449.46289617608005
0.0021708011627197266,0.0006235677689649646,0.0013349056243896484,0.00047087305204375555,compact,1000.0,False,-32061.481524375522,-20975.721930968233,-20334.700242645224,-24457.301232662994,5383.332030931342,26,-13726.367224445621,-16532.171445072403,-16800.620152555828,-15686.386274024617,1390.2690826291612
0.0023473898569742837,0.00046249342513569934,0.0006655851999918619,0.00047064207297298736,compact,1000.0,True,-26773.29099431374,-14251.562363593057,-11619.712603422933,-17548.18865377658,6611.028320670698,22,-15254.107719793872,-17294.00246134071,-16644.46022982314,-16397.52347031924,850.892065831825
0.0023330052693684897,0.0004721611079310774,0.0006663799285888672,0.0004712020176746174,compact,10000.0,False,-39218.8615421286,-29836.339197521065,-31129.54820271758,-33394.91631412241,4151.855079109607,28,-16447.707232000044,-20605.75071355624,-21750.566734582313,-19601.3415600462,2278.4070512491594
0.0013332366943359375,0.0004717081712302489,0.0013724168141682942,0.0005252622052061225,compact,10000.0,True,-27491.79940908088,-14629.100702065673,-11927.037017429988,-18015.979042858846,6790.614392853219,24,-15569.994962202882,-17834.324391067483,-17186.918278591587,-16863.745877287318,952.2349994719962
0.0022052129109700522,0.0005829974828177473,0.0013717015584309895,0.0005257680303772734,full,0.01,False,-19465.767792021255,-14914.690933405649,-12889.641156204225,-15756.69996054371,2749.9205787212645,19,-8623.717634175915,-9413.194926730766,-9840.188928360833,-9292.367163089171,503.9180579842678
0.0019998550415039062,1.9466795466607238e-07,0.0013338724772135417,0.00047243808393472315,full,0.01,True,-19468.448660628626,-14915.149938221512,-12887.767056911796,-15757.121885253977,2751.730384329893,20,-8623.371608688038,-9412.791067541233,-9839.755924997124,-9291.972867075465,503.88191699611565
0.0022929509480794272,0.00021251039711859987,0.001173257827758789,0.00023891262682800007,full,0.1,False,-18816.201946745892,-14576.227841925274,-12915.737920527119,-15436.055903066095,2484.3975999853365,17,-8625.765211315049,-9395.423459669451,-9833.534229693792,-9284.90763355943,499.22393859835
0.003169457117716471,0.0015889378056691374,0.000503381093343099,0.0004105554702014802,full,0.1,True,-18840.326798144673,-14580.52225620115,-12897.23518744002,-15439.361413928615,2501.1048221991186,18,-8622.330995954988,-9391.421887455404,-9829.137582914134,-9280.963488774842,498.8295152730383
0.002187808354695638,0.0006371605668757739,0.001185019810994466,0.0002639516812205093,full,1.0,False,-15992.591020110816,-12596.044152117991,-13047.553570609356,-13878.729580946056,1506.048433647336,9,-8664.992233715435,-9343.579566498543,-9800.901806616825,-9269.824535610267,466.6565424294062
0.0030336380004882812,0.0016744493772375487,0.0016724268595377605,0.0006286835979449758,full,1.0,True,-16119.68227584889,-12651.911992320427,-12881.744755998909,-13884.44634138941,1583.3330954749092,10,-8636.480116353465,-9299.168277548228,-9768.352090648048,-9234.666828183246,464.33024833338663
0.0018374125162760417,0.00022888600270575793,0.0011458396911621094,0.0008207547263517343,full,10.0,False,-15096.002908846924,-11194.75811880184,-13029.834896161645,-13106.865307936801,1593.6076454002443,4,-8853.086880923314,-9513.153396183161,-9773.036687891627,-9379.7589883327,387.23159553389576
0.0026690165201822915,0.0004681109974609964,0.0006659825642903646,0.00047092114948247757,full,10.0,True,-15918.333473900388,-11236.217892201304,-12546.941091692699,-13233.830819264796,1972.2093708124041,6,-8821.484743368323,-9498.776087639619,-9789.872562049877,-9370.044464352606,405.6867551599278
0.0019989808400472007,0.0008178979694554395,0.001002947489420573,0.000709191398423103,full,100.0,False,-15625.730505718024,-10888.761223389101,-11946.069604594602,-12820.187111233909,2030.2348890365595,3,-9623.641543800588,-10337.981253032081,-10414.821911058332,-10125.481569297,356.23838467535273
0.0018359820048014324,0.0006267990839572142,0.0010000864664713542,2.9736021254650284e-07,full,100.0,True,-19539.43907938814,-11669.881573958872,-10645.861309308813,-13951.727320885277,3973.1638440657402,11,-10464.160625814544,-11357.235882496681,-11444.93773780539,-11088.778082038873,443.12009570112417
0.0026737054189046225,0.00023057729651043278,0.0013333956400553386,0.0004710893848110801,full,1000.0,False,-27600.950168817497,-16880.221438526292,-16072.13278621661,-20184.434797853464,5254.6345894716105,25,-12735.671295106547,-14670.957890170084,-14730.939692310072,-14045.8562925289,926.7642633557361
0.0023333231608072915,0.0004709207873617227,0.0010001659393310547,0.0008165347532506985,full,1000.0,True,-24929.10921567998,-13648.122546040875,-10810.325836412176,-16462.51919937768,6097.848386625523,21,-14180.71582731425,-15844.013521791,-15201.354535693217,-15075.361294932822,684.8579062603168
0.0020020008087158203,2.5306834106589407e-06,0.0010000069936116536,2.9736021254650284e-07,full,10000.0,False,-38314.599227763465,-28590.329526675123,-29646.636256896047,-32183.85500377821,4356.486698554537,27,-16166.190670528922,-20054.659154387435,-21033.923537586496,-19084.924454167616,2102.2202323362712
0.0018357435862223308,0.0006252667228316251,0.0011696815490722656,0.00023705433904567334,full,10000.0,True,-27247.26797096811,-14549.033633679564,-11784.035235269255,-17860.112279972313,6733.019283652223,23,-15438.357182242507,-17636.904607316304,-16981.28585942327,-16685.51588299403,921.5973829145321
