mean_fit_time,std_fit_time,mean_score_time,std_score_time,param_adjustment,param_decay,split0_test_score,split1_test_score,split2_test_score,mean_test_score,std_test_score,rank_test_score,split0_train_score,split1_train_score,split2_train_score,mean_train_score,std_train_score
0.00099945068359375,1.593425882320676e-06,0.035213311513264976,0.0038664544387667235,0.0,0.5,-24213.7873015873,-12607.076190476193,-10604.152380952382,-15808.338624338625,5999.5334010840925,8,-13897.148888888885,-15848.94534534534,-15333.193434343433,-15026.429222859218,825.81497643021
0.00033322970072428387,0.0004712579621498098,0.013683398564656576,0.017937136820017262,0.0,0.75,-23409.185034013604,-12680.299047619046,-10657.816054421768,-15582.433378684806,5595.601872309306,6,-14144.584190476191,-15897.346512226513,-15385.543506493506,-15142.491403065404,735.911988792371
0.0,0.0,0.0013254483540852864,0.00015599941382761663,0.0,1.0,-22586.440476190477,-13575.785714285714,-10717.07142857143,-15626.432539682539,5057.953782511056,7,-14690.038888888888,-16183.952702702703,-15769.017045454546,-15547.669545682045,629.6510449011088
0.0006662209828694662,0.0004710898674658932,0.0003350575764973958,0.000473842968858478,0.5,0.5,-22496.629269624278,-12582.728460745437,-10796.968379365346,-15292.108703245021,5146.26545568719,5,-13257.082409734621,-15005.104788632661,-14619.726736468787,-14293.971311612024,749.8813270110584
0.001167615254720052,0.00023714914397645316,0.0006678899129231771,0.00047227735011572277,0.5,0.75,-20777.3350663787,-12428.944036302353,-10858.72789839545,-14688.335667025502,4353.031889302637,3,-13145.583679057101,-14589.428536117943,-14245.715092965465,-13993.57576938017,615.8206836890093
0.0006659825642903646,0.00047092114948247757,0.0003333091735839844,0.00047137035374583886,0.5,1.0,-19774.52695572666,-13101.725150449858,-10927.343121043788,-14601.198409073433,3764.2600415986035,2,-13488.078924427859,-14677.406930349256,-14426.73028354708,-14197.405379441398,511.9034480248217
0.0013339519500732422,0.0004710335409921023,0.0005013942718505859,0.0007090785793472812,1.0,0.5,-23489.351870499384,-13243.6535544433,-11199.173392487373,-15977.392939143354,5376.933452129419,9,-14013.885189513738,-15806.541048078583,-15398.80894681843,-15073.078394803582,767.2370564558857
0.0006666978200276693,0.0004714268007468411,0.00033354759216308594,0.000471707528533926,1.0,0.75,-21373.829336600244,-12431.050797737262,-11058.220506160775,-14954.366880166095,4573.71398497568,4,-13199.689974514618,-14746.14877274704,-14377.837731268208,-14107.892159509955,659.5638268035087
0.0005013942718505859,0.0007090785793472812,0.0008366902669270834,0.0006256262923712842,1.0,1.0,-19866.045523987734,-12633.800870508892,-11136.485008372234,-14545.443800956287,3811.5692935321194,1,-13002.299566116899,-14300.846098687058,-14035.63435784053,-13779.593340881496,560.192541951163
