mean_fit_time,std_fit_time,mean_score_time,std_score_time,param_model__learning_rate,param_model__max_depth,param_model__min_child_weight,param_model__n_estimators,param_model__reg_lambda,param_model__subsample,param_seasonal_residual,split0_test_score,split1_test_score,split2_test_score,mean_test_score,std_test_score,rank_test_score,split0_train_score,split1_train_score,split2_train_score,mean_train_score,std_train_score
0.11552246411641438,0.06568681449276868,0.014536142349243164,0.013129194050713725,0.03,2,3,100,1.0,0.8,False,-21126.767578125,-11784.0107421875,-12942.1611328125,-15284.313151041666,4158.207416763097,81,-6804.0263671875,-7627.080078125,-8081.57177734375,-7504.22607421875,528.7408933555722
0.07328200340270996,0.0008672755822405748,0.0048380692799886065,0.0002347518237769341,0.03,2,3,100,1.0,0.8,True,-20119.80154854911,-10834.717110770089,-11356.56824311756,-14103.695634145586,4259.360666506486,2,-7307.295396592882,-8586.122431024774,-8991.879796808416,-8295.099208142025,717.8565490658888
0.06421939531962077,0.001377153736078783,0.004895687103271484,0.00014836009966705743,0.03,2,3,100,1.0,1.0,False,-21060.109375,-12151.3779296875,-12479.236328125,-15230.2412109375,4124.511679388531,75,-6865.94921875,-7718.84716796875,-8314.10546875,-7632.96728515625,594.3178985511778
0.067320982615153,0.0009071040491889417,0.0050013065338134766,3.3717478808715227e-06,0.03,2,3,100,1.0,1.0,True,-19862.20031156994,-11725.806059337798,-10976.218796502977,-14188.07505580357,4023.8657474080296,4,-7365.632821994358,-8597.048885311093,-8980.916118275036,-8314.53260852683,689.031502326212
0.06449850400288899,0.0005048978765454125,0.0043345292409261065,0.0004733372166839094,0.03,2,3,100,10.0,0.8,False,-23796.953125,-12372.61328125,-13059.7578125,-16409.774739583332,5231.051218457089,141,-8052.490234375,-8838.4169921875,-9192.62890625,-8694.512044270834,476.4525322998407
0.0670012633005778,0.0018703899018136102,0.004407723744710286,0.0005741528725807951,0.03,2,3,100,10.0,0.8,True,-21139.79747953869,-11653.804513113839,-10471.392833891368,-14421.6649421813,4774.899854929977,10,-8690.938471137153,-9902.145422033362,-10085.07921068596,-9559.387701285492,618.6109395339583
0.06321104367574056,0.0006306762653575084,0.004835287729899089,0.00023192171281958946,0.03,2,3,100,10.0,1.0,False,-23345.857421875,-12869.111328125,-13901.4521484375,-16705.4736328125,4714.336612352715,151,-7893.13037109375,-8625.458984375,-9178.46484375,-8565.684733072916,526.4351162860582
0.06642635663350423,0.0017333575560378013,0.005246162414550781,0.0007280172378009507,0.03,2,3,100,10.0,1.0,True,-20642.96017020089,-12021.26800827753,-10226.740902855283,-14296.989693777903,4546.6902136791,6,-8595.337074110243,-10023.326152079815,-10018.659502434008,-9545.774242874688,672.0632674738597
0.18616636594136557,0.009562770044708747,0.010334412256876627,0.00047058687398552875,0.03,2,3,300,1.0,0.8,False,-19616.966796875,-12488.9833984375,-13653.818359375,-15253.256184895834,3122.038634223933,76,-3795.771240234375,-4542.6728515625,-5312.38232421875,-4550.275472005208,619.177220131287
0.2009897232055664,0.0020354482736221185,0.011310338973999023,0.00015945052411551152,0.03,2,3,300,1.0,0.8,True,-20733.771484375,-11862.939499627977,-13487.53355189732,-15361.414845300098,3856.292550427708,89,-3909.9797878689237,-4944.782957884642,-5549.070859966856,-4801.277868573474,676.8063084080713
0.1996609369913737,0.006753508817851753,0.011261860529581705,0.00042524038756587025,0.03,2,3,300,1.0,1.0,False,-20104.212890625,-12938.9033203125,-13044.2451171875,-15362.453776041666,3353.2058142512715,90,-3991.612548828125,-4624.7255859375,-5623.86962890625,-4746.735921223958,671.9279154313242
0.19494867324829102,0.011210434573363468,0.010100126266479492,0.0011843806338641826,0.03,2,3,300,1.0,1.0,True,-19765.69551595052,-13658.50060453869,-13021.104178292411,-15481.766766260544,3040.35115300444,104,-3984.9084092881944,-5064.863296646256,-5792.691908402877,-4947.487871445776,742.6767074793609
0.17802691459655762,0.003488401509388933,0.010013500849405924,1.3038878397977635e-05,0.03,2,3,300,10.0,0.8,False,-21703.052734375,-11975.44921875,-13185.0390625,-15621.180338541666,4328.791654101285,113,-5177.71826171875,-5895.140625,-6394.58251953125,-5822.48046875,499.4325307887592
0.20449177424112955,0.019604404633291668,0.011185487111409506,0.0016680036463749526,0.03,2,3,300,10.0,0.8,True,-20425.078159877234,-10546.49183872768,-11529.481050037202,-14167.01701621404,4443.276861788535,3,-5568.034613715277,-6632.201207066441,-6838.788595488577,-6346.341472090098,556.7709053753513
0.19506374994913736,0.01003895443272796,0.010134696960449219,0.0005667941617627416,0.03,2,3,300,10.0,1.0,False,-22733.123046875,-12696.556640625,-13627.4345703125,-16352.371419270834,4527.849153102367,137,-5320.01220703125,-5939.69580078125,-6452.43798828125,-5904.048665364583,462.9975350600179
0.20026564598083496,0.003730224771988059,0.012387752532958984,0.0020193152687184358,0.03,2,3,300,10.0,1.0,True,-19972.881417410714,-11368.804920014882,-12116.753173828125,-14486.146503751239,3891.704995429205,14,-5619.217050509983,-6463.380432678772,-6905.8448042436075,-6329.480762477454,533.7287609697297
0.07325418790181477,0.00566441255464973,0.0064093271891276045,0.0008303577142128049,0.03,2,10,100,1.0,0.8,False,-20737.927734375,-11450.0986328125,-12535.294921875,-14907.773763020834,4146.278190033509,40,-7294.1494140625,-8247.4794921875,-8447.341796875,-7996.323567708333,503.17170147305353
0.0754549503326416,0.003119606323883346,0.004729668299357097,0.0005224473866871905,0.03,2,10,100,1.0,0.8,True,-20553.11850120908,-10932.715157645089,-11180.075962611607,-14221.969873821925,4477.9369541868355,5,-8038.395534939236,-9462.67906505138,-9478.786954012785,-8993.2871846678,675.2423826857544
0.07248433430989583,0.0027993709870374676,0.005546251932779948,0.0007714980199077441,0.03,2,10,100,1.0,1.0,False,-20657.625,-11967.9423828125,-12250.2333984375,-14958.600260416666,4031.4665893164993,50,-7248.70849609375,-8165.35888671875,-8498.9931640625,-7971.020182291667,528.601038445335
0.07094987233479817,0.0018688800951724828,0.006204843521118164,0.00128461887726555,0.03,2,10,100,1.0,1.0,True,-20453.776960100447,-10758.854108537946,-10961.907075427827,-14058.179381355409,4523.130104899907,1,-8053.381732855903,-9226.892099741342,-9323.118447043678,-8867.797426546975,577.2172145022009
0.07917642593383789,0.006410628054669254,0.005677541097005208,0.0009578573821029472,0.03,2,10,100,10.0,0.8,False,-22657.279296875,-12060.216796875,-12417.4658203125,-15711.653971354166,4913.463821519672,117,-8341.912109375,-9280.5517578125,-9354.609375,-8992.357747395834,460.9271661055351
0.0755459467569987,0.0014964020367896846,0.005506356557210286,0.0007140848412796833,0.03,2,10,100,10.0,0.8,True,-21396.090576171875,-11597.685651506696,-10423.41906156994,-14472.398429749504,4919.204556964031,12,-9078.61976047092,-10237.632179054053,-10288.756023060192,-9868.335987528388,558.8036037314622
0.0732277234395345,0.002170709484046752,0.0043328603108723955,0.0004716514231259032,0.03,2,10,100,10.0,1.0,False,-22964.220703125,-12651.955078125,-12910.55078125,-16175.575520833334,4801.457798954228,131,-8132.75537109375,-9095.01953125,-9234.7080078125,-8820.82763671875,489.8712753794466
0.07018526395161946,0.0017124681873264091,0.005129098892211914,0.00018207605062013074,0.03,2,10,100,10.0,1.0,True,-21025.507719494046,-11934.288330078125,-9988.08921595982,-14315.961755177332,4810.435048475883,7,-8930.956222873265,-10311.37452491554,-10309.43179136334,-9850.587513050714,650.2780051426697
0.20227591196695963,0.0012939591442258948,0.010399103164672852,0.00046154355740174344,0.03,2,10,300,1.0,0.8,False,-18856.16015625,-11408.3017578125,-13419.9775390625,-14561.479817708334,3145.8882444559513,17,-4688.3740234375,-5464.73193359375,-6082.2119140625,-5411.772623697917,570.2628240346548
0.18608220418294272,0.007727190385422648,0.009670257568359375,0.00023467397547279214,0.03,2,10,300,1.0,0.8,True,-20135.243791852678,-10993.466029575893,-12913.628987630209,-14680.779603019595,3935.7456842651723,22,-5162.707838270399,-6347.079897768863,-6296.257833769827,-5935.348523269696,546.7332936843568
0.17644532521565756,0.0006408942809137749,0.009671211242675781,0.0004751128172223753,0.03,2,10,300,1.0,1.0,False,-19379.625,-11875.1533203125,-13344.5458984375,-14866.44140625,3247.1934805646997,34,-4602.5751953125,-5491.390625,-6050.5625,-5381.509440104167,596.2226735762554
0.18625601132710776,0.005514934900791211,0.011010567347208658,0.00040710842539987325,0.03,2,10,300,1.0,1.0,True,-19947.174944196428,-11621.087669735864,-13117.414260137648,-14895.225624689978,3624.122170625792,38,-5146.0356228298615,-6136.6901195629225,-6383.3288833155775,-5888.684875236121,534.698422178983
0.18228975931803384,0.0012945089118925309,0.009678045908610025,0.0004340579153647634,0.03,2,10,300,10.0,0.8,False,-20236.345703125,-11495.6298828125,-13038.611328125,-14923.528971354166,3809.174377226886,44,-5797.1904296875,-6523.833984375,-6859.5283203125,-6393.517578125,443.37886189866254
0.1875159740447998,0.002956763700274591,0.009438117345174154,0.00010003022526767183,0.03,2,10,300,10.0,0.8,True,-20731.892473493303,-10654.883010137648,-11793.90096609933,-14393.55881657676,4505.9365016832,8,-6187.0562120225695,-7470.225190033784,-7328.976983272668,-6995.41946177634,574.5004332128717
0.18217913309733072,0.0028293448062081347,0.009505192438761393,1.4868010627325145e-06,0.03,2,10,300,10.0,1.0,False,-20163.755859375,-12028.6513671875,-12932.3544921875,-15041.587239583334,3640.661877710109,61,-5595.05126953125,-6627.447265625,-6734.36474609375,-6318.954427083333,513.7344794365105
0.18352794647216797,0.002858371943550858,0.009708642959594727,0.0004951585972709116,0.03,2,10,300,10.0,1.0,True,-20217.667724609375,-11288.83553641183,-11757.594063895089,-14421.365774972097,4103.069652329317,9,-6013.671525065104,-7246.210988087697,-7199.549740878018,-6819.810751343607,570.3447244760356
0.08909487724304199,0.0031195957554861313,0.004836320877075195,0.00022341394148516606,0.03,3,3,100,1.0,0.8,False,-22813.578125,-12977.2548828125,-14274.744140625,-16688.525716145832,4363.337396377715,150,-4740.4619140625,-5855.27099609375,-6216.0927734375,-5603.94189453125,628.0904108242753
0.08876371383666992,0.0008242467175970406,0.004734357198079427,0.0005761020544270774,0.03,3,3,100,1.0,0.8,True,-20109.63786969866,-10909.419131324405,-12932.99181547619,-14650.682938833086,3947.476265913662,21,-5475.758407931858,-6771.074990762247,-7056.543470902877,-6434.458956532327,687.8483940053366
0.08834179242451985,0.0035226896329748542,0.005094289779663086,0.00042708006432842283,0.03,3,3,100,1.0,1.0,False,-22301.75,-13446.376953125,-13843.955078125,-16530.694010416668,4083.9794741198916,145,-4648.724609375,-5691.68701171875,-6140.05224609375,-5493.487955729167,624.7541806484929
0.08844415346781413,0.0020667610833427674,0.005135774612426758,0.0005389843134237611,0.03,3,3,100,1.0,1.0,True,-19668.436011904763,-12055.765345982143,-13341.583600725446,-15021.928319537452,3327.246854631141,58,-5377.412196180556,-6728.703321852126,-7050.913654674183,-6385.676390902288,724.9838570215306
0.08862686157226562,0.002118653183644964,0.00473777453104655,0.0005292292557094734,0.03,3,3,100,10.0,0.8,False,-25069.517578125,-13046.4267578125,-15322.6279296875,-17812.857421875,5214.697844310892,178,-6991.8203125,-7758.896484375,-7930.6748046875,-7560.4638671875,408.1613790712956
0.09276835123697917,0.004360439026331031,0.004989147186279297,1.9651824030871274e-05,0.03,3,3,100,10.0,0.8,True,-21277.144426618303,-11934.512079148066,-11384.649135044643,-14865.43521360367,4539.317025612044,33,-7477.397073025174,-8668.568442954673,-8890.486800685074,-8345.484105554973,620.4800622148598
0.08886599540710449,0.0015464359953246856,0.005900859832763672,0.002218243410538064,0.03,3,3,100,10.0,1.0,False,-23583.322265625,-13349.0478515625,-14239.466796875,-17057.278971354168,4628.905002522435,158,-6668.2451171875,-7502.455078125,-7888.63427734375,-7353.111490885417,509.29039250307846
0.09065747261047363,0.001903348582754207,0.0052327315012613935,0.0003288068149664378,0.03,3,3,100,10.0,1.0,True,-20739.980050223214,-11892.613583519345,-12121.163161504835,-14917.918931749131,4117.876109342055,43,-7343.550065104167,-8800.598164326435,-9102.696831905481,-8415.61502044536,768.0314023924182
0.25686343510945636,0.008266214427172817,0.010673125584920248,0.0009475738660589947,0.03,3,3,300,1.0,0.8,False,-22177.69140625,-13187.64453125,-14481.212890625,-16615.516276041668,3968.347591414265,149,-1536.3187255859375,-2355.7890625,-2901.03515625,-2264.3809814453125,560.8798516573105
0.2709215482076009,0.00429787880479949,0.012001276016235352,0.001413943951268892,0.03,3,3,300,1.0,0.8,True,-21521.929361979168,-12545.120093936011,-14429.11566452753,-16165.3883734809,3864.9500513028274,130,-1781.2347154405381,-2574.9351267771676,-2968.0479246197324,-2441.405922279146,493.62869629642364
0.2564452489217122,0.01044123790087529,0.01000515619913737,0.0004099733161022371,0.03,3,3,300,1.0,1.0,False,-21635.666015625,-13819.626953125,-13661.2841796875,-16372.1923828125,3722.3992371371883,138,-1687.30419921875,-2521.92236328125,-3015.323486328125,-2408.183349609375,548.0944134951637
0.2731322447458903,0.022764837891503988,0.011263449986775717,0.0010703066029413625,0.03,3,3,300,1.0,1.0,True,-22258.819208054316,-13801.539620535714,-15051.632638113839,-17037.33048890129,3727.2547065573726,156,-1800.6363715277778,-2615.8499810846,-2866.4894270463424,-2427.6585932195735,455.0257742439716
0.307100772857666,0.018767135065884698,0.012049198150634766,0.0014177629717556167,0.03,3,3,300,10.0,0.8,False,-23151.578125,-13231.5732421875,-14982.0595703125,-17121.736979166668,4323.215530075318,161,-3288.731201171875,-4042.9931640625,-4458.443359375,-3930.055908203125,484.1644011991778
0.28284772237141925,0.020235665723051726,0.011778434117635092,0.0011636652492701134,0.03,3,3,300,10.0,0.8,True,-20620.249273390997,-11101.29046921503,-13271.251313709077,-14997.597018771701,4073.3152999279687,54,-3510.058961317274,-4729.605404965512,-4940.618590383819,-4393.427652222202,630.5483455736015
0.26729480425516766,0.004863001863918323,0.010508060455322266,8.920806376395086e-07,0.03,3,3,300,10.0,1.0,False,-21784.81640625,-13752.232421875,-14306.8896484375,-16614.646158854168,3662.8683159547086,148,-3277.938232421875,-3919.88525390625,-4465.376953125,-3887.7334798177085,485.302641856295
0.2641044457753499,0.004558325345213659,0.011360565821329752,0.0006284642693486659,0.03,3,3,300,10.0,1.0,True,-20163.050106956845,-11590.151285807291,-14817.037155877977,-15523.41284954737,3535.3334133074395,109,-3400.8532050238714,-4791.47301916174,-5214.728920676492,-4469.018381620702,774.8199889489895
0.09279529253641765,0.005499549160046309,0.005169391632080078,0.0006221046014213289,0.03,3,10,100,1.0,0.8,False,-20336.833984375,-12079.861328125,-12969.0205078125,-15128.571940104166,3700.643741571619,68,-6468.267578125,-7167.59228515625,-7321.17041015625,-6985.6767578125,371.19694192193776
0.08900896708170573,0.002115310333390218,0.004670619964599609,0.0004722206035363966,0.03,3,10,100,1.0,0.8,True,-20228.13846261161,-11064.828915550595,-12092.26353236607,-14461.743636842759,4098.974460191071,11,-7021.062523057726,-8519.108088312922,-8596.597285415188,-8045.589298928612,725.1402070285822
0.08533247311909993,0.0006050773674953196,0.004433075586954753,0.0004197406465326238,0.03,3,10,100,1.0,1.0,False,-19394.171875,-12425.0439453125,-12983.7548828125,-14934.323567708334,3161.826968801402,47,-6185.27490234375,-6962.6865234375,-7111.1630859375,-6753.04150390625,406.021762791378
0.08791359265645345,0.00036577183159812644,0.004501899083455403,0.000408132234574168,0.03,3,10,100,1.0,1.0,True,-20547.423630487352,-11087.141525995165,-12188.838960193452,-14607.801372225324,4223.960916585369,18,-7016.405540635851,-8337.520371445664,-8453.873191139915,-7935.933034407143,651.936910809467
0.08574239412943523,0.000500986002607317,0.0050017038981119795,3.212512800122537e-06,0.03,3,10,100,10.0,0.8,False,-22460.291015625,-12369.435546875,-12664.5595703125,-15831.4287109375,4688.861705373892,120,-7928.841796875,-8500.9033203125,-8637.18359375,-8355.642903645834,306.879419085799
0.0874173641204834,0.0009224076201986537,0.005002657572428386,2.9286584492823728e-06,0.03,3,10,100,10.0,0.8,True,-21323.334658668155,-11681.937767392114,-11129.567045665923,-14711.613157242064,4680.628466553762,23,-8446.205916341145,-9435.101718662021,-9497.432730934837,-9126.246788646002,481.53433922314116
0.09271017710367839,0.007195250548854103,0.005591630935668945,0.0005205875361711491,0.03,3,10,100,10.0,1.0,False,-22442.34375,-13037.6787109375,-13068.5537109375,-16182.858723958334,4426.142256324811,132,-7374.90576171875,-8230.693359375,-8255.7783203125,-7953.79248046875,409.4628096055979
0.09796818097432454,0.0033483814692258744,0.005517880121866862,0.00040769234656469716,0.03,3,10,100,10.0,1.0,True,-21218.47240048363,-11875.421875,-11451.951509021577,-14848.615261501736,4507.485756383074,30,-8010.075425889757,-9465.029511322846,-9543.511744643703,-9006.20556061877,705.09871612571
0.2576461633046468,0.005770617909047875,0.01078049341837565,0.0003603354496949902,0.03,3,10,300,1.0,0.8,False,-18670.93359375,-12154.53125,-13485.1962890625,-14770.220377604166,2811.208525113577,25,-3372.419189453125,-3969.62841796875,-4357.85693359375,-3899.9681803385415,405.3075362604416
0.26703063646952313,0.005292331162944238,0.01084740956624349,0.0004671436460975792,0.03,3,10,300,1.0,0.8,True,-19698.25412713914,-11256.579182942709,-13446.696951729911,-14800.510087270586,3576.7840742153003,27,-3741.8937527126736,-4724.551975559544,-4615.283260461056,-4360.576329577758,439.74311532388566
0.26119263966878253,0.0027177563822671723,0.009853283564249674,0.0002455805753027631,0.03,3,10,300,1.0,1.0,False,-18157.734375,-12575.1669921875,-13825.3720703125,-14852.7578125,2392.057098447293,31,-3079.203857421875,-3814.5263671875,-4047.301513671875,-3647.0105794270835,412.59295709850284
0.26282556851704914,0.004500915238538717,0.012564261754353842,0.002501172974256774,0.03,3,10,300,1.0,1.0,True,-20505.221586681546,-11477.646926153273,-13802.86672828311,-15261.91174703931,3827.1734860007764,77,-3449.378042263455,-4515.103115322354,-4539.433537338719,-4167.971564974843,508.2194280170361
0.2620564301808675,0.006814242907591573,0.011745134989420572,0.0016081643606239782,0.03,3,10,300,10.0,0.8,False,-19886.8984375,-11691.8701171875,-13208.8359375,-14929.201497395834,3559.903138891821,46,-4804.2021484375,-5237.8310546875,-5501.25,-5181.094401041667,287.382686490992
0.25623567899068195,0.005514193445286519,0.013074636459350586,0.004358707703923407,0.03,3,10,300,10.0,0.8,True,-20938.940929594493,-10872.082426525298,-12556.027425130209,-14789.016927083334,4402.657653211962,26,-5063.0901095920135,-5917.319133586711,-5898.618406353575,-5626.342549844099,398.3527857625781
0.25863107045491535,0.010124540419920615,0.010171810785929361,0.000622888339892483,0.03,3,10,300,10.0,1.0,False,-19985.015625,-12317.7275390625,-13578.0087890625,-15293.583984375,3357.0051470786107,82,-4276.5068359375,-5076.33056640625,-5314.4921875,-4889.10986328125,443.953519544217
0.25647735595703125,0.0028127120620135546,0.01014240582784017,0.000105659577934496,0.03,3,10,300,10.0,1.0,True,-21191.66719563802,-10826.474382672992,-13620.496866861979,-15212.87948172433,4378.817748096882,74,-4533.726125759548,-5801.914533185529,-5709.984648733428,-5348.541769226169,577.3827012431678
0.13828317324320474,0.003201514629332766,0.0045049190521240234,0.00040828010444827356,0.03,5,3,100,1.0,0.8,False,-23153.17578125,-13402.0966796875,-15274.9609375,-17276.744466145832,4225.023777676725,167,-2972.3125,-3430.226806640625,-3908.132080078125,-3436.8904622395835,382.07579949869955
0.13095386823018393,0.0009931997265805875,0.0050144195556640625,1.9744167912257567e-05,0.03,5,3,100,1.0,0.8,True,-20313.493408203125,-11775.71644810268,-14375.40673828125,-15488.205531529018,3573.247796314138,105,-3312.131224229601,-4496.696450723184,-4934.188960219874,-4247.67221172422,685.2141409458472
0.13138580322265625,0.00035236830288517173,0.004895846048990886,0.0006467812350902056,0.03,5,3,100,1.0,1.0,False,-23500.541015625,-14393.8037109375,-15575.369140625,-17823.237955729168,4043.336224916671,180,-2498.39697265625,-2990.7685546875,-3608.485107421875,-3032.5502115885415,454.1535693844124
0.1307519276936849,0.0006882123800276563,0.004884640375773112,0.00027165606759932203,0.03,5,3,100,1.0,1.0,True,-19461.10916573661,-13122.951125372023,-13585.98828125,-15390.016190786211,2884.897382340055,92,-3019.3496988932293,-4370.930105398367,-4751.922747987689,-4047.4008507597623,743.3956894177676
0.13019951184590658,0.0014115054491033593,0.005333423614501953,0.0004710399771118905,0.03,5,3,100,10.0,0.8,False,-25371.7265625,-13368.435546875,-17036.765625,-18592.309244791668,5022.252865414875,191,-6053.96435546875,-6436.28955078125,-6691.697265625,-6393.983723958333,262.06634454080245
0.13115421930948892,0.0010432873446665442,0.004665851593017578,0.0004718761259665186,0.03,5,3,100,10.0,0.8,True,-20915.311878022694,-12662.120826357886,-11577.36121768043,-15051.597974020338,4169.85462681434,63,-6255.482134331597,-7043.839914132883,-7232.383157441111,-6843.901735301864,423.1354068174096
0.13091476758321127,0.0023871589665964096,0.004354715347290039,0.000253157273720471,0.03,5,3,100,10.0,1.0,False,-24540.03515625,-13973.701171875,-16415.998046875,-18309.911458333332,4516.786060531376,190,-5300.3271484375,-5841.86279296875,-6185.82470703125,-5776.0048828125,364.489990549795
0.13175598780314127,0.0017048243973541537,0.00516812006632487,0.00023658823397074616,0.03,5,3,100,10.0,1.0,True,-20329.60334123884,-13078.214715866816,-11553.40318080357,-14987.073745969743,3828.6837957371304,52,-5632.647939724392,-6631.633861644848,-7049.7839984315815,-6438.021933266941,594.5210040190315
0.3754320939381917,0.0026390347094803744,0.010007778803507486,0.0004021368007673929,0.03,5,3,300,1.0,0.8,False,-22171.82421875,-13615.5673828125,-15437.107421875,-17074.8330078125,3680.035469191164,159,-392.49755859375,-553.0761108398438,-889.6605224609375,-611.7447306315104,207.16218826722206
0.37488627433776855,0.0042027272795090035,0.010167757670084635,0.00023810161608220853,0.03,5,3,300,1.0,0.8,True,-22005.871454148066,-11990.466820126489,-16231.812662760416,-16742.716979011657,4104.700550269032,153,-465.12792426215276,-1006.3230442356419,-1185.0412015047941,-885.497390000863,306.0696116120284
0.37570977210998535,0.0013461397166669303,0.010842720667521158,0.0002382726487618611,0.03,5,3,300,1.0,1.0,False,-22474.990234375,-14831.3271484375,-15312.3046875,-17539.540690104168,3495.4095135670955,172,-209.93246459960938,-325.8855285644531,-586.8558959960938,-374.22462972005206,157.62893095140348
0.3771073818206787,0.004081457250275235,0.010837316513061523,0.00023602885422805903,0.03,5,3,300,1.0,1.0,True,-20469.211356026786,-13424.350539434523,-15313.13612002418,-16402.232671828497,2977.3718226710494,140,-325.64581163194447,-938.229808910473,-959.0481558135061,-740.9745921186412,293.8047512860299
0.37381474177042645,0.005122776069027947,0.010170936584472656,0.0002417546365634342,0.03,5,3,300,10.0,0.8,False,-23447.927734375,-12937.8984375,-16721.181640625,-17702.3359375,4346.429705018431,176,-1936.481201171875,-2178.06103515625,-2362.863525390625,-2159.13525390625,174.58352442023838
0.3725941975911458,0.0019481571515723784,0.010501543680826822,0.00040890374969918957,0.03,5,3,300,10.0,0.8,True,-19519.988473074776,-12345.031459263393,-14140.581787109375,-15335.20057314918,3048.533808295359,86,-2072.834676106771,-2875.4630423880913,-3007.735964688388,-2652.01122772775,413.0844465353636
0.3726009527842204,0.0037949524804458674,0.01035634676615397,0.000625488747884038,0.03,5,3,300,10.0,1.0,False,-23972.880859375,-13630.087890625,-16031.9033203125,-17878.290690104168,4419.668263425869,182,-1375.509765625,-1771.5740966796875,-2092.56103515625,-1746.5482991536458,293.269328650253
0.3723602294921875,0.002973405037080715,0.009940783182779947,8.373264420396662e-05,0.03,5,3,300,10.0,1.0,True,-19790.416596912204,-12712.687999906993,-14596.67535109747,-15699.926649305557,2992.9286764488397,116,-1504.5320909288193,-2618.9149268897804,-3166.287890809955,-2429.9116362095187,691.447644451178
0.12073349952697754,0.006061691677503703,0.004985809326171875,0.0004888845295678332,0.03,5,10,100,1.0,0.8,False,-19882.453125,-12057.3720703125,-12908.0986328125,-14949.307942708334,3505.507567929013,49,-6150.24560546875,-6441.25439453125,-6519.3125,-6370.270833333333,158.81140309601824
0.12486378351847331,0.003659440423681064,0.0048360029856363935,0.00023107843339615996,0.03,5,10,100,1.0,0.8,True,-20066.262404668898,-11230.513230096727,-12890.139671688989,-14728.971768818205,3834.3703072832072,24,-6404.545241970486,-7328.814832532728,-7382.257480505741,-7038.539185002985,448.8320168370446
0.12601804733276367,0.002011965441862745,0.0045015811920166016,0.0004087207042861083,0.03,5,10,100,1.0,1.0,False,-18846.1875,-12795.787109375,-13360.23828125,-15000.737630208334,2728.890471378227,55,-5516.9189453125,-5643.61474609375,-5701.412109375,-5620.648600260417,77.04983143947206
0.12776573499043783,0.0010806302978394443,0.0051678816477457685,0.00023861379049160776,0.03,5,10,100,1.0,1.0,True,-20869.081589471727,-11600.392682756696,-12353.670910063243,-14941.04839409722,4203.017978867889,48,-5788.598668077257,-6646.293744061444,-7140.591126413056,-6525.161179517253,558.555115450576
0.11177627245585124,0.00649214727269761,0.004853487014770508,0.00020618240588986223,0.03,5,10,100,10.0,0.8,False,-22473.02734375,-12465.087890625,-12686.595703125,-15874.903645833334,4666.454305466251,123,-7858.14111328125,-8116.73291015625,-8391.3671875,-8122.080403645833,217.72147087758836
0.1215208371480306,0.007094932171313814,0.004999876022338867,2.167730601149536e-06,0.03,5,10,100,10.0,0.8,True,-21487.821911039806,-11769.263450985864,-11463.125802176339,-14906.737054734002,4655.207727511762,39,-8269.189236111111,-8741.660777598889,-8643.9243108576,-8551.591441522532,203.63588165922351
0.12017599741617839,0.004207654298180674,0.0048351287841796875,0.00023450847885319792,0.03,5,10,100,10.0,1.0,False,-22683.97265625,-13146.7412109375,-13052.1328125,-16294.2822265625,4518.35851666611,134,-7218.5078125,-7354.2587890625,-7764.572265625,-7445.779622395833,232.13307094882333
0.12556958198547363,0.002966197555791763,0.005003213882446289,3.6053009739601627e-06,0.03,5,10,100,10.0,1.0,True,-21371.26850237165,-12243.330473400298,-11440.821073986235,-15018.473349919395,4504.03596942436,57,-7404.375641547309,-8172.945635821368,-8293.113209117542,-7956.811495495407,393.6996240481616
0.34876306851704914,0.014229993062842047,0.010366042455037435,0.0004604887783755772,0.03,5,10,300,1.0,0.8,False,-18129.033203125,-12148.6162109375,-13611.2080078125,-14629.619140625,2545.48198143149,20,-2874.010986328125,-2834.402587890625,-2986.490478515625,-2898.3013509114585,64.42151802715162
0.3575148582458496,0.009523722106062059,0.010336478551228842,0.0006209204814253429,0.03,5,10,300,1.0,0.8,True,-19476.73563058036,-11517.371756417411,-14436.429379417783,-15143.51225547185,3287.637750273918,70,-2991.9733439127604,-3323.3721659892312,-3360.1388827237215,-3225.161464208571,165.5706746381107
0.36322514216105145,0.004378484070662141,0.01016696294148763,0.0006220794835558298,0.03,5,10,300,1.0,1.0,False,-16654.728515625,-12878.8671875,-13889.732421875,-14474.442708333334,1595.9734295250892,13,-2089.228515625,-2168.765380859375,-2347.101806640625,-2201.6985677083335,107.82116258517652
0.3603556156158447,0.0027466069560884766,0.010337511698404947,0.00023866357401550973,0.03,5,10,300,1.0,1.0,True,-21175.45433407738,-11391.638009207589,-14384.637311662946,-15650.576551649305,4093.3048660139398,115,-2142.068337673611,-3067.73113848712,-3170.3734824440694,-2793.3909862016003,462.4570301173072
0.33789531389872235,0.0199163040812857,0.010008653004964193,0.0004102070159373965,0.03,5,10,300,10.0,0.8,False,-19875.015625,-12020.6005859375,-13219.560546875,-15038.392252604166,3454.858461334998,60,-4518.54296875,-4518.51611328125,-4519.751953125,-4518.93701171875,0.5763548824384684
0.3497358163197835,0.01964314493284589,0.01027695337931315,0.001011116194267939,0.03,5,10,300,10.0,0.8,True,-20730.774867466516,-11078.15659877232,-13106.460728236607,-14971.79739815848,4155.548141091911,51,-4708.536299641927,-4873.857252516188,-4755.1641697739105,-4779.185907310675,69.59663435601517
0.35652891794840497,0.011788225940645507,0.01050893465677897,0.0004039378978812851,0.03,5,10,300,10.0,1.0,False,-20189.302734375,-12474.0078125,-13276.20703125,-15313.172526041666,3463.4631274786643,84,-3620.907958984375,-3473.685546875,-3947.80322265625,-3680.7989095052085,198.13646322298564
0.3580835660298665,0.006485652893122524,0.010410149892171225,0.0005279681445477835,0.03,5,10,300,10.0,1.0,True,-21479.053176153273,-11107.472435360864,-12840.83821033296,-15142.454607282367,4536.187848456291,69,-3739.334952799479,-4022.9804533537445,-4216.28008293383,-3992.8651630290183,195.87302404572407
0.0633554458618164,0.0006292908638674534,0.0043334166208903,0.0004714266399769444,0.1,2,3,100,1.0,0.8,False,-21333.826171875,-12738.8603515625,-14068.3544921875,-16047.013671875,3777.5369819593857,127,-3554.83935546875,-4382.73583984375,-5207.8056640625,-4381.793619791667,674.8209985719581
0.06386295954386394,0.00035504597688827845,0.004676421483357747,0.00022893227357026144,0.1,2,3,100,1.0,0.8,True,-21510.992175874257,-12995.735537574405,-14067.271449497768,-16191.333054315479,3786.918464030529,133,-3410.5320746527777,-4692.736365515907,-5180.094166148792,-4427.787535439159,746.3180335639829
0.06221810976664225,0.0009130695405749582,0.003688176472981771,0.00044293681994938145,0.1,2,3,100,1.0,1.0,False,-20396.298828125,-12773.8203125,-13187.7841796875,-15452.634440104166,3499.7813938276445,99,-3594.572265625,-4028.44482421875,-5303.27880859375,-4308.765299479167,725.1915559049316
0.06492185592651367,0.001273178562921708,0.004114548365275065,0.00010606319350109119,0.1,2,3,100,1.0,1.0,True,-19780.579450334822,-13633.635062081474,-12976.939057849702,-15463.717856755333,3064.232685255776,102,-3593.918122016059,-4672.271611943976,-5347.127268473308,-4537.772334144447,722.0356037397715
0.06347028414408366,0.001227770548300081,0.004580577214558919,0.00042186617871450025,0.1,2,3,100,10.0,0.8,False,-21687.3515625,-12094.921875,-13804.1982421875,-15862.1572265625,4177.724517280923,121,-4884.8681640625,-5714.9375,-6144.4287109375,-5581.411458333333,522.8097778117701
0.06734156608581543,0.001450945869963562,0.004582881927490234,0.00031704310630954356,0.1,2,3,100,10.0,0.8,True,-20593.374418712796,-11630.968005952382,-12796.564220610118,-15006.968881758432,3978.7434156520567,56,-5281.798961046007,-6513.2877890097125,-6636.169256036932,-6143.752002030884,611.5538937177424
0.062391440073649086,0.0006270517514294339,0.004395246505737305,0.0002879350952062842,0.1,2,3,100,10.0,1.0,False,-23010.376953125,-12656.7978515625,-13492.5263671875,-16386.567057291668,4696.151168070997,139,-5027.7451171875,-5630.5849609375,-6104.36181640625,-5587.56396484375,440.57839547413346
0.06366729736328125,0.0005473925812885594,0.004401048024495442,0.000431091398115572,0.1,2,3,100,10.0,1.0,True,-20847.775971912204,-11491.554036458334,-12295.74371047247,-14878.357906281002,4233.764620261016,35,-5109.175820583768,-6161.481520094313,-6504.526784261067,-5925.061374979716,593.6732781144847
0.17658178011576334,0.001425384291517507,0.010169267654418945,0.00023704354821990742,0.1,2,3,300,1.0,0.8,False,-22291.677734375,-14307.1416015625,-15275.8955078125,-17291.571614583332,3557.65999308555,168,-905.0933227539062,-1226.9010009765625,-1849.7152099609375,-1327.2365112304688,392.1122614856423
0.17885319391886392,0.0005848460500242246,0.009666840235392252,0.0004697969117333428,0.1,2,3,300,1.0,0.8,True,-22363.056501116072,-15237.127261207217,-15219.07405017671,-17606.419270833332,3363.45851616963,174,-828.1934678819445,-1296.995948585304,-1934.2228199351919,-1353.1374121341469,453.27631738112103
0.17437243461608887,0.0019251472595107717,0.010367790857950846,0.0003051642533284001,0.1,2,3,300,1.0,1.0,False,-20583.759765625,-14388.8154296875,-14782.5888671875,-16585.0546875,2832.077695072075,147,-860.453369140625,-1309.9345703125,-1862.9921875,-1344.4600423177083,410.01221668160065
0.17718219757080078,0.0011101528412942403,0.009836037953694662,0.00023237209141236122,0.1,2,3,300,1.0,1.0,True,-21912.855503627234,-15187.986432756696,-13624.243012927827,-16908.361649770584,3595.8348516704013,154,-869.2270616319445,-1377.3872510205517,-1838.6987267696495,-1361.7710131407152,395.9391599226312
0.17605177561442056,0.00342959393465269,0.009772539138793945,0.0003289544579292539,0.1,2,3,300,10.0,0.8,False,-21014.955078125,-13439.5654296875,-14808.9970703125,-16421.172526041668,3296.0546472467317,142,-1848.4683837890625,-2394.248291015625,-2926.779541015625,-2389.832071940104,440.22976212656226
0.1788806915283203,0.0014583163646481746,0.010093927383422852,0.0005167847226339101,0.1,2,3,300,10.0,0.8,True,-20818.479736328125,-13187.598481677827,-13476.81353469122,-15827.630584232393,3531.0378815067406,119,-1976.4750406901042,-2732.163576418215,-3100.5942429051256,-2603.0776200044816,467.90909608923704
0.1731270949045817,0.0020042175796268135,0.010269721349080404,0.00037102309488605686,0.1,2,3,300,10.0,1.0,False,-22665.14453125,-13869.7109375,-14629.537109375,-17054.797526041668,3979.2234662895507,157,-2270.60595703125,-2549.544677734375,-3059.244140625,-2626.4649251302085,326.52216821127627
0.17616820335388184,0.0004308327297323123,0.009835561116536459,0.0006242894572720413,0.1,2,3,300,10.0,1.0,True,-22961.829508463543,-12666.224853515625,-13261.057227725074,-16296.370529901416,4719.443041611498,135,-2231.1982123480902,-3006.9912703230575,-3357.2499842788234,-2865.1464889833237,470.5231873578415
0.06204144159952799,0.0004262740324190676,0.004000266393025716,2.247831920581015e-07,0.1,2,10,100,1.0,0.8,False,-19898.4765625,-11610.3408203125,-13136.6513671875,-14881.822916666666,3601.621516582508,36,-4648.87353515625,-5267.05908203125,-5719.6484375,-5211.8603515625,438.88107558224175
0.06482982635498047,0.0011820726309830069,0.004503568013509114,0.0004077587085301608,0.1,2,10,100,1.0,0.8,True,-19943.956217447918,-11121.797188895089,-13523.661214192709,-14863.138206845239,3724.0901744948073,32,-4955.771313476563,-6019.415201822917,-6064.795694062204,-5679.994069787227,512.4378322213879
0.06255674362182617,0.000927642868861186,0.004337151845296224,0.00047485592970487097,0.1,2,10,100,1.0,1.0,False,-19545.28515625,-12535.1962890625,-13755.3515625,-15278.611002604166,3057.8397573958837,80,-4312.6748046875,-4972.18798828125,-5812.80322265625,-5032.555338541667,613.9106777224484
0.06608899434407552,0.002793662205769634,0.004602352778116862,0.0002930229539958811,0.1,2,10,100,1.0,1.0,True,-19942.89185732887,-11754.264421735492,-12952.746489025298,-14883.300922696551,3610.972642355883,37,-4752.583482530382,-5682.626239398578,-6086.3528682824335,-5507.187530070464,558.4617260179292
0.06467453638712566,0.0014019068451493475,0.004955689112345378,0.0007617592209536174,0.1,2,10,100,10.0,0.8,False,-20485.28125,-11564.408203125,-13543.3984375,-15197.695963541666,3825.181408170153,72,-5513.6591796875,-6291.3076171875,-6552.11767578125,-6119.028157552083,441.1040475795
0.06367405255635579,0.001169093151804833,0.0048360029856363935,0.0002307400287652077,0.1,2,10,100,10.0,0.8,True,-20439.258835565477,-10863.790225074405,-13433.929896763393,-14912.326319134425,4046.532817436392,41,-6019.433412000868,-7159.195539044904,-7082.830908573035,-6753.819953206269,520.2246842307661
0.063140869140625,0.00029453994914094663,0.005109230677286784,0.0004188519943015192,0.1,2,10,100,10.0,1.0,False,-20569.302734375,-12054.2919921875,-12988.443359375,-15204.0126953125,3812.952713812226,73,-5248.32666015625,-6390.0673828125,-6502.63330078125,-6047.009114583333,566.6204012854281
0.06416042645772298,0.00017113099608248732,0.0045012633005778,0.0004082248896640198,0.1,2,10,100,10.0,1.0,True,-20130.767659505207,-11375.683175223214,-12129.829787481398,-14545.426874069939,3961.4145659751484,16,-5552.177370876736,-6785.626713383305,-6914.884588992957,-6417.562891084333,614.1910525455468
0.175996462504069,0.0011030194376731627,0.009670416514078775,0.0006250513789707715,0.1,2,10,300,1.0,0.8,False,-19009.572265625,-12368.5673828125,-14675.806640625,-15351.3154296875,2752.93425959289,87,-1726.171142578125,-2111.978515625,-2584.021240234375,-2140.7236328125,350.8051774929609
0.17869766553243002,0.0018735515931077903,0.00933678944905599,0.00023877596560219644,0.1,2,10,300,1.0,0.8,True,-19003.718610491072,-11945.921665736607,-13788.672217959449,-14912.77083139571,2988.9599861148313,42,-1888.366316731771,-2372.665484454181,-2714.2303281841855,-2325.0873764567127,338.8319137109456
0.17536274592081705,0.0037189694648440846,0.009752273559570312,0.00020450431508470295,0.1,2,10,300,1.0,1.0,False,-18828.81640625,-13544.44921875,-14933.5859375,-15768.950520833334,2236.7401329311697,118,-1701.38037109375,-2040.444091796875,-2588.387939453125,-2110.07080078125,365.4508772595837
0.17637085914611816,0.0005615874939922997,0.009835481643676758,0.0006259230463668879,0.1,2,10,300,1.0,1.0,True,-19629.16188848586,-12523.514671688989,-14203.243315197173,-15451.973291790673,3032.2764284967698,98,-1836.6449517144097,-2265.669240040822,-2947.8729479240646,-2350.0623798930988,457.56498003425753
0.17783482869466147,0.001743770520603154,0.009839375813802084,0.0006250071795988668,0.1,2,10,300,10.0,0.8,False,-19256.06640625,-12166.5791015625,-14911.9716796875,-15444.872395833334,2918.6977622200925,96,-2673.794677734375,-2956.28564453125,-3400.43505859375,-3010.1717936197915,299.0867751133538
0.17958998680114746,0.0037174382249405323,0.010361512502034506,0.0006461703103024171,0.1,2,10,300,10.0,0.8,True,-19820.21993001302,-10992.09044247582,-13715.400134858632,-14842.570169115823,3691.147226972167,28,-2942.8952256944444,-3472.070760091146,-3517.5982481060605,-3310.8547446305506,260.84969327565494
0.1748355229695638,0.0023008191413835598,0.009508450826009115,0.00040794017287452603,0.1,2,10,300,10.0,1.0,False,-19310.943359375,-13487.861328125,-13679.9970703125,-15492.933919270834,2700.8796220737527,107,-2560.52001953125,-2966.72802734375,-3505.3291015625,-3010.8590494791665,386.9769249866808
0.17791485786437988,0.0019223159697327108,0.01000197728474935,4.052336624139774e-07,0.1,2,10,300,10.0,1.0,True,-20012.028901599704,-11959.650541759673,-12812.950776599702,-14928.210073319693,3611.6423532584427,45,-2878.1869737413194,-3496.2254209776183,-3920.6816794655538,-3431.698024728164,428.0355448759017
0.08544882138570149,0.00031610157862446025,0.004717111587524414,0.00039988929867136255,0.1,3,3,100,1.0,0.8,False,-23661.845703125,-12786.6416015625,-15065.2861328125,-17171.2578125,4682.866187809542,164,-1303.4102783203125,-2008.0821533203125,-2779.4111328125,-2030.3011881510417,602.7796140918192
0.08806347846984863,0.0014027988929201784,0.005000750223795573,9.98958356378598e-07,0.1,3,3,100,1.0,0.8,True,-24608.559175037204,-13483.650669642857,-15373.12678455171,-17821.77887641059,4860.577476910367,179,-1483.6144015842015,-2382.388577298001,-2704.3963123668323,-2190.1330970830118,516.5905830075012
0.08477473258972168,0.0020711620899329856,0.004683494567871094,0.00045383993677161117,0.1,3,3,100,1.0,1.0,False,-21635.396484375,-14253.341796875,-13434.751953125,-16441.163411458332,3688.0496421919856,143,-1422.2276611328125,-2147.659912109375,-2929.408203125,-2166.431925455729,615.4470396407112
0.08649476369222005,0.0005522590349787224,0.003998676935831706,2.1442949872385724e-06,0.1,3,3,100,1.0,1.0,True,-22734.913562593007,-13854.500930059523,-15499.21467517671,-17362.876389276415,3857.4912719249587,170,-1355.2722927517361,-2405.021917669623,-2798.5309124570904,-2186.2750409594832,609.1723937120382
0.0844888687133789,0.0016322395841033713,0.005334297815958659,0.00047109018923549383,0.1,3,3,100,10.0,0.8,False,-22796.318359375,-13335.35546875,-15651.6103515625,-17261.0947265625,4026.6019312792514,166,-2960.138916015625,-3590.141357421875,-4111.01611328125,-3553.7654622395835,470.547188642634
0.08566840489705403,0.00293575094133065,0.0046672821044921875,0.00047339596409924937,0.1,3,3,100,10.0,0.8,True,-21022.302234468007,-11504.018886021206,-13763.96277436756,-15430.094631618924,4060.4947153141184,94,-3193.545130750868,-4322.6210277660475,-4415.708466500947,-3977.291541672621,555.4938615245013
0.08500154813130696,0.00117092828671213,0.004334370295206706,0.0004705904172222151,0.1,3,3,100,10.0,1.0,False,-21294.63671875,-14332.2861328125,-14085.1953125,-16570.7060546875,3341.846212053367,146,-2843.19140625,-3688.018310546875,-3959.830810546875,-3497.0135091145835,475.4527774902304
0.08510073026021321,0.0003068983574841171,0.004665454228719075,0.00047226964699704637,0.1,3,3,100,10.0,1.0,True,-21252.981794084822,-11636.33453078497,-15061.521740141368,-15983.612688337054,3979.7541745055437,124,-2782.3055704752605,-4261.963882583756,-4724.215231230764,-3922.8282280965936,828.2564122871676
0.24059216181437174,0.0017825041066275198,0.009667237599690756,0.00047041551859602817,0.1,3,3,300,1.0,0.8,False,-23998.75390625,-13370.2548828125,-15410.5263671875,-17593.178385416668,4605.375500239755,173,-65.92595672607422,-162.42454528808594,-276.3268127441406,-168.22577158610025,85.99368474178537
0.24268086751302084,0.0025829265367756952,0.01000229517618815,0.0008176054173224228,0.1,3,3,300,1.0,0.8,True,-25403.11833844866,-14420.77251906622,-16267.482869466146,-18697.124575660342,4801.412919789717,192,-84.64160834418402,-193.99354896889076,-305.55853271484375,-194.7312300093062,90.19046512182238
0.23702287673950195,0.0018805509120835247,0.009915431340535482,0.0005211436880301322,0.1,3,3,300,1.0,1.0,False,-22617.779296875,-14963.7763671875,-13876.001953125,-17152.519205729168,3889.9540864364776,163,-74.24262237548828,-175.6839141845703,-319.0882873535156,-189.6716079711914,100.44597751273835
0.24049059549967447,0.0023266814950988245,0.010174115498860678,0.0006230492674421035,0.1,3,3,300,1.0,1.0,True,-23519.91960797991,-14314.961652483258,-16004.65611049107,-17946.512456984747,4000.9096710147146,185,-61.099055989583334,-229.1661640888936,-322.95353282581675,-204.4062509680979,108.32584097098405
0.2399106820424398,0.0027971379223002326,0.01029674212137858,0.00021160705149021657,0.1,3,3,300,10.0,0.8,False,-22722.47265625,-14211.1337890625,-16189.5595703125,-17707.722005208332,3636.7875212491936,177,-509.0505065917969,-653.3560791015625,-885.2418212890625,-682.5494689941406,154.9605687983868
0.23950775464375815,0.005255822245951711,0.009972651799519857,8.634710662975268e-05,0.1,3,3,300,10.0,0.8,True,-21358.872314453125,-12274.213181268602,-14547.251645042783,-16060.112380254834,3859.992970170456,128,-528.0735324435764,-921.8196416631475,-1117.0587713068182,-855.6506484711808,244.96211223333623
0.2385883331298828,0.0023198826329454115,0.009648561477661133,0.0007894097360327052,0.1,3,3,300,10.0,1.0,False,-21465.654296875,-15694.26171875,-14796.744140625,-17318.88671875,2955.0121783169634,169,-468.79345703125,-729.6055908203125,-981.6692504882812,-726.6894327799479,209.39081938141751
0.24022324879964194,0.0022807490419181307,0.009696324666341146,0.0002175484144663058,0.1,3,3,300,10.0,1.0,True,-23176.71322777158,-12103.960274832589,-16128.135498046875,-17136.269666883683,4576.2951074704515,162,-442.2856553819444,-928.0101494316582,-1313.9746556137547,-894.7568201424525,356.64152516955124
0.0831452210744222,0.0013674092572689067,0.004880587259928386,0.00017241574179822496,0.1,3,10,100,1.0,0.8,False,-18550.328125,-12448.3232421875,-14375.98828125,-15124.8798828125,2546.7947006168406,67,-3048.73681640625,-3502.5732421875,-4074.100830078125,-3541.8036295572915,419.52124110165727
0.08701157569885254,0.00077547330334614,0.005360762278238933,0.0004719717368048419,0.1,3,10,100,1.0,0.8,True,-21014.491606212796,-11574.32117280506,-13766.265142531622,-15451.692640516492,4033.997507945773,97,-3250.246009657118,-4245.03472845404,-4395.547017415364,-3963.609251842174,508.15274852985925
0.08347034454345703,0.00038756434245479495,0.004168589909871419,0.0002383263992555025,0.1,3,10,100,1.0,1.0,False,-17755.9765625,-12410.6328125,-13711.431640625,-14626.013671875,2276.0375173138145,19,-2811.461669921875,-3380.148681640625,-3570.48046875,-3254.0302734375,322.4456273641496
0.08492596944173177,0.0008262802433868438,0.004755496978759766,0.00034982871400397487,0.1,3,10,100,1.0,1.0,True,-20579.935023716516,-11107.104317801339,-14233.165719168526,-15306.735020228793,3941.069540016317,83,-3101.630826822917,-4051.8168989301803,-4025.7482392282195,-3726.398654993772,441.90573888757456
0.08352096875508626,0.0007863008673077354,0.004617611567179362,0.000440564691627785,0.1,3,10,100,10.0,0.8,False,-19839.072265625,-12263.9501953125,-13686.9951171875,-15263.339192708334,3287.27486715629,78,-4378.3564453125,-4812.4169921875,-5118.0126953125,-4769.595377604167,303.4777422345372
0.08993840217590332,0.0010292104704621836,0.0043335755666097,0.0004704737985131207,0.1,3,10,100,10.0,0.8,True,-20262.59001813616,-10852.038364955357,-14227.935581752232,-15114.18798828125,3892.6172087131686,66,-4682.027141655816,-5530.769425675676,-5428.108973647609,-5213.635180326367,378.2328402690721
0.0834515889485677,0.0013022012518642701,0.0052492618560791016,0.00034881873922647754,0.1,3,10,100,10.0,1.0,False,-19973.537109375,-12521.5283203125,-13802.560546875,-15432.5419921875,3253.2792053673534,95,-3993.819091796875,-4475.8779296875,-4899.47900390625,-4456.392008463542,369.99076109631886
0.08594989776611328,0.0010132096397772444,0.00500035285949707,5.150429962800233e-07,0.1,3,10,100,10.0,1.0,True,-21236.91431826637,-11077.16615513393,-13682.134376162574,-15332.071616520958,4308.661072569166,85,-4196.739019097222,-5289.201077298001,-5126.201502944484,-4870.713866446568,481.1955849440978
0.2419609228769938,0.0025088747718753014,0.00933694839477539,0.0002382442313728362,0.1,3,10,300,1.0,0.8,False,-17718.62890625,-13017.9765625,-15630.48046875,-15455.6953125,1923.0090140774334,100,-702.3760986328125,-757.8165283203125,-1026.033203125,-828.741943359375,141.33008926130853
0.24207655588785806,0.0015102850463988532,0.009955485661824545,0.0004137066102906402,0.1,3,10,300,1.0,0.8,True,-19832.15884254092,-12206.86046781994,-14350.770124162946,-15463.26314484127,3210.8694945631255,101,-685.3628228081598,-1065.4912483284065,-1181.6073312470407,-977.487134127869,211.93268762526557
0.23764801025390625,0.0016744774968713257,0.010096549987792969,0.00029838965459232336,0.1,3,10,300,1.0,1.0,False,-16856.724609375,-13039.0087890625,-15088.8388671875,-14994.857421875,1559.992073743401,53,-559.1489868164062,-703.5610961914062,-938.85498046875,-733.8550211588541,156.4873835624424
0.23814606666564941,0.0010814124475851902,0.01036222775777181,0.00025335272094354004,0.1,3,10,300,1.0,1.0,True,-20431.97791108631,-11284.949974423364,-14757.674083891368,-15491.533989800346,3770.140827577369,106,-552.7848687065972,-1104.5935773419903,-1066.3789219711766,-907.9191226732547,251.6019922107379
0.24221460024515787,0.0013175749636260012,0.010038216908772787,3.635985385178214e-05,0.1,3,10,300,10.0,0.8,False,-18876.509765625,-12777.787109375,-14868.9150390625,-15507.7373046875,2530.438028584242,108,-1529.1771240234375,-1517.576904296875,-1809.3306884765625,-1618.6949055989583,134.88301736305652
0.2435626983642578,0.003642218906565723,0.01002200444539388,3.0308452297362786e-05,0.1,3,10,300,10.0,0.8,True,-19943.09555199033,-11359.077200753349,-14772.556815011161,-15358.243189251612,3528.7971662047025,88,-1533.527853732639,-1871.5619281390766,-1859.805821274266,-1754.9652010486607,156.65338724270956
0.2365704377492269,0.002799190692955842,0.010374784469604492,0.0010767666695330963,0.1,3,10,300,10.0,1.0,False,-18195.359375,-13625.943359375,-14585.091796875,-15468.798177083334,1967.332103090926,103,-1167.6767578125,-1399.27197265625,-1734.9765625,-1433.97509765625,232.8955377605922
0.23951037724812826,0.0006399931677293202,0.010297536849975586,0.0006385018997185011,0.1,3,10,300,10.0,1.0,True,-21490.091936383928,-11027.981544131324,-14399.665294828868,-15639.24625844804,4360.14978251476,114,-1085.591525607639,-1653.3651969840935,-1823.238739938447,-1520.7318208433933,315.4093240561759
0.1291621526082357,0.0005211844075370352,0.004933357238769531,9.171670726923415e-05,0.1,5,3,100,1.0,0.8,False,-23261.625,-13535.5673828125,-16256.1513671875,-17684.447916666668,4097.078021236868,175,-285.6138916015625,-461.7952880859375,-848.8063354492188,-532.0718383789062,235.23113079491836
0.13081940015157065,0.0016036983156811138,0.004671653111775716,0.00046333444664227815,0.1,5,3,100,1.0,0.8,True,-22956.676711309523,-13288.434128534227,-15338.334658668155,-17194.481832837304,4159.542475559819,165,-323.9907958984375,-814.5598166525901,-885.9374953761245,-674.8293693090508,249.7858705632829
0.12794073422749838,0.0014231100580145584,0.0055234432220458984,0.000409359770841251,0.1,5,3,100,1.0,1.0,False,-23070.67578125,-15017.1513671875,-15398.3232421875,-17828.716796875,3709.8898002478986,181,-126.67686462402344,-244.21072387695312,-458.1481018066406,-276.34523010253906,137.2170182293129
0.13329235712687174,0.002029592601144142,0.004835605621337891,0.0002318076872447519,0.1,5,3,100,1.0,1.0,True,-20842.86290922619,-13768.940964471727,-16382.575404575893,-16998.126426091272,2920.5330809273114,155,-193.09819878472223,-642.9332550323761,-728.1957859848485,-521.4090799339823,234.74589212857092
0.1304622491200765,0.0018577826822388471,0.0052309830983479815,0.00020874372251501223,0.1,5,3,100,10.0,0.8,False,-23779.56640625,-13339.017578125,-17022.0546875,-18046.879557291668,4323.49892783019,188,-1567.9857177734375,-1867.81982421875,-2057.629638671875,-1831.1450602213542,201.57144482605887
0.13117090861002603,0.0015896609652553424,0.0046727657318115234,0.0006243293574385907,0.1,5,3,100,10.0,0.8,True,-19857.07638113839,-12429.415852864584,-14346.423723493304,-15544.305319165425,3148.4097010773207,110,-1721.1399305555556,-2504.1128787478883,-2624.594619288589,-2283.2824761973443,400.5264399648726
0.1285257339477539,0.0007023946761211111,0.004666248957316081,0.00047097707367915016,0.1,5,3,100,10.0,1.0,False,-24130.0234375,-14196.9013671875,-16299.5390625,-18208.8212890625,4274.010410331489,189,-1123.2020263671875,-1449.27734375,-1768.912109375,-1447.1304931640625,263.61440849603014
0.130415678024292,0.0019872559994188166,0.004834810892740886,0.0006260945226164393,0.1,5,3,100,10.0,1.0,True,-20183.23023623512,-13145.69080171131,-14801.179966517857,-16043.367001488094,3004.3315169385614,126,-1190.0397515190973,-2252.5547688802085,-2792.3869786118016,-2078.327166337036,665.6553673680678
0.37075575192769367,0.005149675032252716,0.010112603505452475,0.00015858752898859866,0.1,5,3,300,1.0,0.8,False,-23365.16796875,-13577.986328125,-16724.478515625,-17889.2109375,4079.5982095930203,183,-4.088715076446533,-13.790786743164062,-26.503610610961914,-14.794370810190836,9.178317608745148
0.37152616182963055,0.0034579862076818514,0.01004171371459961,0.00043318615373541715,0.1,5,3,300,1.0,0.8,True,-23194.15451776414,-13452.203845796132,-15651.024646577382,-17432.461003379216,4171.8530929525,171,-7.243990071614584,-26.357061162725227,-8.401939623283617,-14.000996952541144,8.749836336210207
0.36729685465494794,0.0047433693636729475,0.010283231735229492,0.0007782018457279421,0.1,5,3,300,1.0,1.0,False,-23092.73828125,-15053.205078125,-15577.1484375,-17907.697265625,3672.6118690693356,184,-1.6176649332046509,-0.7709389328956604,-4.70137882232666,-2.3633275628089905,1.689003453519054
0.3673395315806071,0.003417275877409172,0.010234912236531576,0.0007123486551349015,0.1,5,3,300,1.0,1.0,True,-21077.893205915178,-13677.961123511905,-16559.395926339286,-17105.08341858879,3045.5519297759997,160,-4.428497992621528,-17.46554537936374,-8.815337209990531,-10.236460193991933,5.416385267118239
0.3744458357493083,0.0022005116316220334,0.010036230087280273,0.00043033758791896675,0.1,5,3,300,10.0,0.8,False,-23135.0859375,-13379.7548828125,-17455.791015625,-17990.210611979168,4000.4853226713294,186,-138.4744415283203,-140.6148681640625,-209.00985717773438,-162.69972229003906,32.75786726404463
0.37470555305480957,0.002248107254699251,0.01037923494974772,0.00044197451754227106,0.1,5,3,300,10.0,0.8,True,-20266.19800967262,-12627.649611700148,-16035.127127511161,-16309.658249627979,3124.460583823495,136,-125.14084879557292,-401.87105855855856,-389.6227472478693,-305.5448848673336,127.66288277001719
0.3746310869852702,0.0033776500978150038,0.010259071985880533,0.000350750402873884,0.1,5,3,300,10.0,1.0,False,-23295.140625,-14258.3515625,-16419.271484375,-17990.921223958332,3853.0032717331187,187,-108.84297180175781,-71.5921630859375,-91.26802062988281,-90.56771850585938,15.215638989634808
0.37167708079020184,0.0007796833457977962,0.010085741678873697,0.0005149219224193065,0.1,5,3,300,10.0,1.0,True,-20306.42236909412,-12639.666841052827,-16396.263776506697,-16447.450995551215,3130.1491104240886,144,-53.238545735677086,-333.41877815315314,-407.4756358753551,-264.71098658806176,152.5593861942962
0.12169591585795085,0.005068497562989076,0.0046681563059488935,0.0004713158564823572,0.1,5,10,100,1.0,0.8,False,-17959.56640625,-12720.501953125,-14400.400390625,-15026.822916666666,2184.224190545895,59,-2497.43310546875,-2594.23095703125,-2716.231201171875,-2602.6317545572915,89.52125155564505
0.12530779838562012,0.0033088222485251487,0.00502475102742513,3.163838400419834e-05,0.1,5,10,100,1.0,0.8,True,-20985.509079706102,-12818.893624441964,-14257.28578404018,-16020.562829396082,3559.5188300807413,125,-2638.2181939019097,-3010.1263889622046,-3130.9838959665008,-2926.442826276872,209.69297123903934
0.12229577700297038,0.0020389896103680124,0.004834493001302083,0.0002335500610667061,0.1,5,10,100,1.0,1.0,False,-17015.37109375,-12993.9091796875,-13581.8125,-14530.3642578125,1773.4809104321166,15,-1854.8345947265625,-1869.7064208984375,-2096.134521484375,-1940.2251790364583,110.41160899207392
0.12627402941385904,0.001418147329517512,0.0049991607666015625,2.439182480688541e-06,0.1,5,10,100,1.0,1.0,True,-20736.88298688616,-11608.29107375372,-14372.799984886533,-15572.65801517547,3822.088613028518,112,-1761.0011867947048,-2633.5077509149774,-2639.735030665542,-2344.747989458408,412.7791515797484
0.11909842491149902,0.002746763164068706,0.0046691099802653,0.00046946114960276167,0.1,5,10,100,10.0,0.8,False,-19775.279296875,-12219.5361328125,-13826.8212890625,-15273.87890625,3249.902101183416,79,-4048.270751953125,-4084.37841796875,-4143.32373046875,-4091.990966796875,39.17678186475936
0.1236109733581543,0.004132613932398062,0.00434120496114095,0.00048513880270132016,0.1,5,10,100,10.0,0.8,True,-20102.430245535714,-11251.297723679316,-13800.848074776786,-15051.525347997273,3720.105908992258,62,-4256.882339138455,-4427.011801229941,-4368.340163722183,-4350.744768030193,70.56064498029512
0.1222982406616211,0.004200317004075827,0.004061381022135417,8.89036706260814e-05,0.1,5,10,100,10.0,1.0,False,-19582.9609375,-12592.494140625,-13021.9267578125,-15065.7939453125,3198.9270409162013,64,-3256.058349609375,-3104.765869140625,-3491.98046875,-3284.2682291666665,159.33326607280273
0.12479400634765625,0.0022047570978381073,0.004710197448730469,0.00020715743852986555,0.1,5,10,100,10.0,1.0,True,-21468.837367466516,-11460.752673921132,-13760.249936058408,-15563.27999248202,4280.080049607293,111,-3289.1388292100696,-3614.575237102337,-3757.53378758286,-3553.749284631756,195.99882079190692
0.35038455327351886,0.012736061119158544,0.01016998291015625,0.00023669678128816166,0.1,5,10,300,1.0,0.8,False,-17440.056640625,-12951.5537109375,-15731.1953125,-15374.2685546875,1849.7228928112854,91,-396.68841552734375,-343.92352294921875,-408.8664245605469,-383.1594543457031,28.185926871583927
0.3902176221211751,0.04185183351472283,0.011052290598551432,0.0007882901456201281,0.1,5,10,300,1.0,0.8,True,-20449.619140625,-14483.660191127232,-15186.632109142485,-16706.637146964906,2662.2018497260597,152,-411.5564656575521,-548.7005032376126,-498.2544315222538,-486.17046680580614,56.63708098287742
0.36884578069051105,0.0069155004419327185,0.009848912556966146,0.0002134880363526066,0.1,5,10,300,1.0,1.0,False,-16634.45703125,-13080.404296875,-14818.029296875,-14844.296875,1451.0548344623917,29,-189.67269897460938,-179.36419677734375,-304.8075866699219,-224.61482747395834,56.860796541402195
0.36162304878234863,0.009779375100611122,0.00998830795288086,0.0003438497401824341,0.1,5,10,300,1.0,1.0,True,-20791.93039667039,-12304.581107003349,-14510.062465122768,-15868.857989598837,3595.693576970934,122,-176.79544542100695,-561.9017740885416,-244.44158565636837,-327.71293505530565,167.88350984732782
0.34832509358723956,0.01887944798011746,0.01086751619974772,0.00152745607859408,0.1,5,10,300,10.0,0.8,False,-19054.107421875,-12599.6474609375,-14532.6201171875,-15395.458333333334,2704.734205951683,93,-1193.0771484375,-1014.8713989257812,-1053.3900146484375,-1087.1128540039062,76.56041061542807
0.36513908704121906,0.010242906934487322,0.010340134302775065,0.0004665443787783614,0.1,5,10,300,10.0,0.8,True,-19465.95427013579,-11946.550141834077,-13853.745808919271,-15088.750073629713,3191.581244625715,65,-1290.8316379123264,-1217.9124458931587,-1170.4470936168325,-1226.3970591407726,49.51162235798528
0.35745962460835773,0.010644075406422676,0.009703556696573893,0.00020979429087112706,0.1,5,10,300,10.0,1.0,False,-18865.556640625,-12922.3095703125,-13678.3154296875,-15155.393880208334,2641.573646703709,71,-685.9677734375,-559.4529418945312,-656.1974487304688,-633.8727213541666,54.007997799129086
0.3583366870880127,0.010959595619852176,0.010737339655558268,0.0008953910246973276,0.1,5,10,300,10.0,1.0,True,-21510.591750372023,-12277.137486049107,-14557.510509672618,-16115.079915364584,3927.143682372425,129,-619.2903455946181,-880.3640070734797,-754.0857238769531,-751.2466921816837,106.6017800202225
