model,fold,repeat,training_rows,validation_rows,collision_training_exclusions,fit_seconds,train_average_precision,accuracy,poison_precision,poison_recall,f1,roc_auc,average_precision,tn,fp,fn,tp
random_forest,0,0,3200,800,0,0.5005029998719692,0.9507511779113871,0.77875,0.8351063829787234,0.5181518151815182,0.639511201629328,0.8457809563652543,0.7807763860321195,466,31,146,157
random_forest,1,0,3199,800,1,0.4700520997866988,0.9512298977712217,0.77125,0.8409090909090909,0.4884488448844885,0.6179540709812108,0.8348706097973984,0.7915243687665926,469,28,155,148
random_forest,2,0,3197,800,3,0.4202046999707818,0.9535276471015696,0.80375,0.8509615384615384,0.5841584158415841,0.6927592954990215,0.8283761977807439,0.7885085493349867,466,31,126,177
random_forest,3,0,3199,800,1,0.39778489992022514,0.9498188318825116,0.78,0.839572192513369,0.5181518151815182,0.6408163265306123,0.8221806084028925,0.7762014840089707,467,30,146,157
random_forest,4,0,3199,800,1,0.37998709990642965,0.9513156922651507,0.7825,0.864406779661017,0.504950495049505,0.6375,0.8400966857249104,0.7862238322928423,473,24,150,153
random_forest,5,1,3200,800,0,0.37281630001962185,0.9468591479241034,0.77375,0.8177083333333334,0.5181518151815182,0.6343434343434343,0.8188537163575513,0.7803851151064938,462,35,146,157
random_forest,6,1,3199,800,1,0.40050830016843975,0.9523602405161601,0.78375,0.8532608695652174,0.5181518151815182,0.6447638603696099,0.830833183922014,0.77833792975292,470,27,146,157
random_forest,7,1,3200,800,0,0.3852798999287188,0.9565296341615365,0.78625,0.8666666666666667,0.5148514851485149,0.6459627329192547,0.8356077056397792,0.7793614900795913,473,24,147,156
random_forest,8,1,3199,800,1,0.3904103001113981,0.9485773377935629,0.80875,0.890625,0.5643564356435643,0.6909090909090909,0.8580127630469285,0.8083170699013278,476,21,132,171
random_forest,9,1,3198,800,2,0.3825454998295754,0.9516512932969008,0.78125,0.8440860215053764,0.5181518151815182,0.6421267893660532,0.8287945494750683,0.7748284540093808,468,29,146,157
