selection,target_recall,threshold,accuracy,poison_precision,poison_recall,f1,roc_auc,average_precision,tn,fp,fn,tp,specificity,false_negative_rate
fixed grid,,0.0,0.37875,0.37875,1.0,0.5494106980961015,0.8328471156974853,0.7805979316199775,0,2485,0,1515,0.0,0.0
fixed grid,,0.1,0.3925,0.38355815729193177,0.9947194719471947,0.5536370315944159,0.8328471156974853,0.7805979316199775,63,2422,8,1507,0.02535211267605634,0.005280528052805281
fixed grid,,0.2,0.5345,0.4463678516228748,0.9531353135313532,0.608,0.8328471156974853,0.7805979316199775,694,1791,71,1444,0.27927565392354126,0.04686468646864687
fixed grid,,0.3,0.701,0.5717498875393612,0.838943894389439,0.6800428036383093,0.8328471156974853,0.7805979316199775,1533,952,244,1271,0.6169014084507042,0.16105610561056105
fixed grid,,0.4,0.7865,0.7306350314026517,0.691089108910891,0.7103120759837178,0.8328471156974853,0.7805979316199775,2099,386,468,1047,0.8446680080482898,0.3089108910891089
fixed grid,,0.5,0.78325,0.8432203389830508,0.5254125412541254,0.6474176494509963,0.8328471156974853,0.7805979316199775,2337,148,719,796,0.9404426559356137,0.4745874587458746
fixed grid,,0.6,0.747,0.8887171561051005,0.3795379537953795,0.5319148936170213,0.8328471156974853,0.7805979316199775,2413,72,940,575,0.97102615694165,0.6204620462046204
fixed grid,,0.7,0.70825,0.9142857142857143,0.25346534653465347,0.39689922480620154,0.8328471156974853,0.7805979316199775,2449,36,1131,384,0.9855130784708249,0.7465346534653465
fixed grid,,0.8,0.671,0.9383259911894273,0.1405940594059406,0.24454649827784156,0.8328471156974853,0.7805979316199775,2471,14,1302,213,0.9943661971830986,0.8594059405940594
fixed grid,,0.9,0.6285,0.8536585365853658,0.0231023102310231,0.04498714652956298,0.8328471156974853,0.7805979316199775,2479,6,1480,35,0.9975855130784709,0.976897689768977
fixed grid,,1.0,0.62125,0.0,0.0,0.0,0.8328471156974853,0.7805979316199775,2485,0,1515,0,1.0,1.0
selected on these OOF scores (descriptive),0.8,0.3224002468243644,0.73025,0.6096579476861167,0.8,0.6919783043105909,0.8328471156974853,0.7805979316199775,1709,776,303,1212,0.6877263581488934,0.2
selected on these OOF scores (descriptive),0.9,0.2469259427573105,0.60925,0.49135446685878964,0.9003300330033003,0.6357492426007924,0.8328471156974853,0.7805979316199775,1073,1412,151,1364,0.4317907444668008,0.09966996699669967
selected on these OOF scores (descriptive),0.95,0.20440071571756196,0.54175,0.450281425891182,0.9504950495049505,0.611075747931254,0.8328471156974853,0.7805979316199775,727,1758,75,1440,0.2925553319919517,0.04950495049504951
