source_row,label,poison_probability,outer_fold,selected_threshold,policy_prediction,missing_feature_count,cap-diameter,stem-height,stem-width,spore-print-color,gill-color,habitat,season,ring-type,cap-shape,stem-surface
642,1,0.03628288629172657,1,0.24548412595743718,0,3,18.95,22.98,18.71,,w,m,,m,p,
2860,1,0.06162043939579306,3,0.256004031363696,0,1,6.05,7.91,10.66,,w,l,a,f,x,s
3060,1,0.08096985336452764,1,0.24548412595743718,0,3,9.46,,19.31,,b,d,a,f,f,
4265,1,0.08103519648777717,3,0.256004031363696,0,3,,5.27,5.3,,n,d,,r,x,s
3875,1,0.08199622487322732,4,0.2559526982483452,0,5,,,20.71,,f,l,s,f,,
573,1,0.08566524236181962,3,0.256004031363696,0,5,,7.31,,,w,,a,f,,s
4811,1,0.08803156764168227,3,0.256004031363696,0,1,9.17,7.57,13.16,,y,h,a,f,x,s
1420,1,0.08972406353344634,1,0.24548412595743718,0,2,,6.44,10.03,,w,l,w,f,f,s
4855,1,0.1087093404591999,2,0.2545858694807684,0,4,,4.9,12.65,,n,w,,r,f,
4319,1,0.11077311452536084,4,0.2559526982483452,0,2,5.11,12.3,10.39,,w,,u,f,x,s
