date,trips
2023-01-01,50642
2023-01-02,58241
2023-01-03,51789
2023-01-04,74454
2023-01-05,71440
2023-01-06,64752
2023-01-07,59158
2023-01-08,49454
2023-01-09,61588
2023-01-10,66674
2023-01-11,67100
2023-01-12,51491
2023-01-13,65274
2023-01-14,43527
2023-01-15,41091
2023-01-16,49763
2023-01-17,64872
2023-01-18,75820
2023-01-19,32358
2023-01-20,67532
2023-01-21,58192
2023-01-22,39438
2023-01-23,38417
2023-01-24,67647
2023-01-25,41868
2023-01-26,64439
2023-01-27,65614
2023-01-28,66819
2023-01-29,58041
2023-01-30,70436
2023-01-31,57398
2023-02-01,60429
2023-02-02,63159
2023-02-03,38062
2023-02-04,24810
2023-02-05,49842
2023-02-06,64834
2023-02-07,66106
2023-02-08,78636
2023-02-09,76063
2023-02-10,83968
2023-02-11,63800
2023-02-12,55662
2023-02-13,72025
2023-02-14,78221
2023-02-15,89040
2023-02-16,74622
2023-02-17,49586
2023-02-18,52125
2023-02-19,51309
2023-02-20,70881
2023-02-21,56225
2023-02-22,54430
2023-02-23,65595
2023-02-24,59603
2023-02-25,43325
2023-02-26,54677
2023-02-27,58387
2023-02-28,40679
2023-03-01,70245
2023-03-02,73762
2023-03-03,65344
2023-03-04,56830
2023-03-05,64785
2023-03-06,72655
2023-03-07,66677
2023-03-08,71677
2023-03-09,77315
2023-03-10,59459
2023-03-11,49164
2023-03-12,56572
2023-03-13,32823
2023-03-14,39389
2023-03-15,65666
2023-03-16,83552
2023-03-17,83168
2023-03-18,74884
2023-03-19,48544
2023-03-20,68951
2023-03-21,87909
2023-03-22,87108
2023-03-23,75326
2023-03-24,77837
2023-03-25,33016
2023-03-26,88017
2023-03-27,60781
2023-03-28,79728
2023-03-29,88659
2023-03-30,76572
2023-03-31,82899
2023-04-01,71017
2023-04-02,71359
2023-04-03,84497
2023-04-04,105089
2023-04-05,71909
2023-04-06,96521
2023-04-07,81409
2023-04-08,76972
2023-04-09,69977
2023-04-10,90059
2023-04-11,104068
2023-04-12,116111
2023-04-13,119084
2023-04-14,119795
2023-04-15,101347
2023-04-16,103606
2023-04-17,91483
2023-04-18,95749
2023-04-19,105984
2023-04-20,112930
2023-04-21,114898
2023-04-22,113574
2023-04-23,87659
2023-04-24,99309
2023-04-25,105667
2023-04-26,108439
2023-04-27,102800
2023-04-28,85441
2023-04-29,17757
2023-04-30,24850
2023-05-01,101379
2023-05-02,89627
2023-05-03,101459
2023-05-04,91869
2023-05-05,111833
2023-05-06,123342
2023-05-07,113016
2023-05-08,114674
2023-05-09,115179
2023-05-10,122962
2023-05-11,128207
2023-05-12,128990
2023-05-13,121616
2023-05-14,106878
2023-05-15,114737
2023-05-16,121382
2023-05-17,115683
2023-05-18,114683
2023-05-19,119816
2023-05-20,44963
2023-05-21,114250
2023-05-22,113843
2023-05-23,121951
2023-05-24,116304
2023-05-25,122183
2023-05-26,121286
2023-05-27,106001
2023-05-28,99199
2023-05-29,102591
2023-05-30,111933
2023-05-31,121740
2023-06-01,126625
2023-06-02,111697
2023-06-03,106088
2023-06-04,103370
2023-06-05,115089
2023-06-06,112238
2023-06-07,92204
2023-06-08,96648
2023-06-09,112979
2023-06-10,122366
2023-06-11,108537
2023-06-12,97169
2023-06-13,131625
2023-06-14,117194
2023-06-15,134699
2023-06-16,106060
2023-06-17,116722
2023-06-18,110799
2023-06-19,120446
2023-06-20,128543
2023-06-21,132181
2023-06-22,116802
2023-06-23,107756
2023-06-24,111105
2023-06-25,116563
2023-06-26,102260
2023-06-27,119027
2023-06-28,131118
2023-06-29,130450
2023-06-30,113509
2023-07-01,108009
2023-07-02,82889
2023-07-03,96964
2023-07-04,83861
2023-07-05,115627
2023-07-06,122815
2023-07-07,123060
2023-07-08,116622
2023-07-09,88395
2023-07-10,123444
2023-07-11,133639
2023-07-12,133524
2023-07-13,131736
2023-07-14,106568
2023-07-15,110252
2023-07-16,65329
2023-07-17,124908
2023-07-18,122677
2023-07-19,132153
2023-07-20,139790
2023-07-21,125519
2023-07-22,133546
2023-07-23,122644
2023-07-24,125835
2023-07-25,111881
2023-07-26,143195
2023-07-27,128564
2023-07-28,125861
2023-07-29,120530
2023-07-30,128839
2023-07-31,130696
2023-08-01,142719
2023-08-02,145031
2023-08-03,140384
2023-08-04,128902
2023-08-05,138541
2023-08-06,124173
2023-08-07,99576
2023-08-08,133800
2023-08-09,141670
2023-08-10,90453
2023-08-11,136765
2023-08-12,133309
2023-08-13,117850
2023-08-14,123818
2023-08-15,129584
2023-08-16,136597
2023-08-17,132511
2023-08-18,128371
2023-08-19,144790
2023-08-20,119717
2023-08-21,122327
2023-08-22,136933
2023-08-23,137635
2023-08-24,101813
2023-08-25,99289
2023-08-26,125757
2023-08-27,125927
2023-08-28,122169
2023-08-29,135148
2023-08-30,130677
2023-08-31,137970
2023-09-01,128004
2023-09-02,119190
2023-09-03,111962
2023-09-04,111239
2023-09-05,133181
2023-09-06,141277
2023-09-07,144722
2023-09-08,120672
2023-09-09,126046
2023-09-10,85813
2023-09-11,111357
2023-09-12,155945
2023-09-13,144020
2023-09-14,156602
2023-09-15,145855
2023-09-16,144020
2023-09-17,124955
2023-09-18,59963
2023-09-19,152304
2023-09-20,156146
2023-09-21,153216
2023-09-22,149025
2023-09-23,36069
2023-09-24,34864
2023-09-25,43306
2023-09-26,84023
2023-09-27,138161
2023-09-28,107534
2023-09-29,49184
2023-09-30,103003
